tag,actual,predicted,confidence,correct
EquityMethodInvestmentExcludingVariableInterestEntity,Assets,Equity,0.8772727847099304,False
ProvisionforDoubtfulAccountsExcludingAmountsNotIncludedinProvision,Other,Other,0.496602863073349,True
MortgageLoansOnRealEstateFaceAmountOfMortgages,Other,Cost,0.3482239544391632,False
ProceedsFromAdditionOfOfUnitholdersUnits,Cash Flow,Revenue,0.29066142439842224,False
ConvertibleShareHoldersLoanTransferredToOwnershipInterestAcquirer,Equity,Cost,0.21414779126644135,False
NetIncomeAttributableToControllingInterestsAndTransfersFromRedeemableNoncontrollingInterestsOperatingPartnership,Income,Income,0.8044896721839905,True
ProceedsFromDerivativeInstrumentsInInvestingActivities,Cash Flow,Revenue,0.29942551255226135,False
DeferredTaxAssetsCurrentAccruedExpenses,Expenses,Expenses,0.49185097217559814,True
BusinessCombinationConsiderationPayableCashNoncurrent,Assets,Other,0.27620285749435425,False
ScheduleOfSegmentReportingInformationZeroThreeFourNineFourZeroFourcCvTPnyGRNSeven,Other,Other,0.23357805609703064,True
NetIncomeLossAvailabletoCommonStockholdersBasicNetofParticipatingSecurities,Assets,Income,0.5450841188430786,False
RegistrationRightsPaymentforFailuretoMaintainEffectivenessMultiplierofthePurchasePricePercent,Cash Flow,Cost,0.4948779344558716,False
CapitalLeasesSuccessiveRenewalPeriodsAvailableforLeaseAgreement,Equity,Cost,0.3498506247997284,False
ContractsForAcquisitionOfPlantAndEquipmentBeingOrToBeExecuted,Assets,Assets,0.3974774181842804,True
ConsolidatedOtcDerivativeAssetsNetOfCrossmaturityNetting,Assets,Assets,0.8752286434173584,True
Chargessettledwithcommonunitsunitsissued,Other,Cost,0.249497652053833,False
TroubledDebtRestructuredLoansOutstandingAccrualStatus,Liabilities,Liabilities,0.6139777302742004,True
TreasuryStockAcquiredAverageCostPerShare,Equity,Cost,0.6036036610603333,False
SecuritiesLoanedAmountOffsetAgainstCollateral,Assets,Liabilities,0.46614497900009155,False
RentPayableRelatedParty,Liabilities,Other,0.5659695267677307,False
ReceivablefromRedemptionofForeignOperations,Assets,Other,0.42047053575515747,False
PaymentsOnLoans,Cash Flow,Cost,0.371248722076416,False
NonRecourseLongTermDebtCurrent,Liabilities,Liabilities,0.3677022457122803,True
DebtInstrumentStatedCouponRateInterestExpense,Expenses,Expenses,0.5569576025009155,True
OtherRestrictedAssetsCurrent,Assets,Other,0.5256446003913879,False
CapitalLeaseLeaseFinancingObligationsAndMortgageNotesPayable,Liabilities,Liabilities,0.3380912244319916,True
NotesAndLoansReceivableRecordedInvestmentSixtyToNinetyDaysPastDue,Assets,Liabilities,0.42300933599472046,False
AnnualSalesOfActoplus,Revenue,Revenue,0.42994776368141174,True
PreconfirmationLiabilitiesNotSubjectToCompromise,Liabilities,Liabilities,0.9476197957992554,True
LoansAndLeasesReceivableNetReportedAmountExcludingLoansOfConsolidatedVariableInterestEntities,Assets,Liabilities,0.37768641114234924,False
LetterofCreditReserveAmount,Other,Cost,0.32925334572792053,False
LoansAndLeasesReceivableSpecificProvisionRecovery,Assets,Liabilities,0.4695958197116852,False
EmployeeServiceCompensationCashAwards,Assets,Assets,0.22199364006519318,True
OtherDeductionsNet,Other,Other,0.7266843318939209,True
LegalCostsLicenseFeesAndPreparationCosts,Expenses,Expenses,0.5647529363632202,True
DirectorsFeesAndLiabilityInsurance,Liabilities,Expenses,0.39633291959762573,False
ScheduleOfSharebasedPaymentAwardStockOptionsValuationAssumptionsZeroThreeFiveThreeThreeZerorphfmTwoGdlOnenm,Equity,Assets,0.321738064289093,False
LossesonDispositionofPropertyandIntangibleImpairment,Expenses,Liabilities,0.4689197540283203,False
OtherPostretirementBenefitsPayments,Cash Flow,Other,0.8708882331848145,False
AcquisitionExpenseReimbursement,Expenses,Expenses,0.5449648499488831,True
EquityZeroThreeFiveThreeThreeZeroVqbkPtSNPWvV,Equity,Equity,0.8310756087303162,True
IssuanceOfCommonStockForInvestmentInChinaOperatingCompany,Assets,Assets,0.2659858465194702,True
DisposalGroupIncludingDiscontinuedOperationResearchAndDevelopmentExpense,Cost,Expenses,0.5788163542747498,False
EquipmentAcquiredThroughCapitalLeaseArrangements,Assets,Assets,0.41443803906440735,True
EatonCorp.andcertainothersubsidiariesguaranteeofSeniorDebt,Liabilities,Liabilities,0.32770562171936035,True
PercentageOfEconomicInterest,Other,Equity,0.1925981044769287,False
IntangibleAssetsZeroThreeFourNineFiveZeroHmbxznlBFiverFiveTwo,Assets,Assets,0.6324873566627502,True
NumberofSharesIssuedforloans,Equity,Equity,0.3336627781391144,True
PledgedAssetsSeparatelyReportedPropertyPlantEquipmentPledgedAsCollateral,Assets,Assets,0.8040643334388733,True
PaymentsOfDebtRestructuringAndExtinguishmentCosts,Expenses,Cost,0.7044824957847595,False
UnbilledContractsReceivableCurrent,Assets,Revenue,0.32253390550613403,False
ScheduleOfAssetsAtFairValueZeroThreeFourNineFourZeroGKJFourzTTwowRNinexn,Assets,Assets,0.9183968305587769,True
ConsultingAndAdvisoryRevenues,Revenue,Revenue,0.7911233305931091,True
LeverageRatioIncreaseInEventOfMaterialAcquisition,Other,Assets,0.2257242500782013,False
TotalOutstandingPromissoryNotes,Other,Revenue,0.24854369461536407,False
LoansAndLeasesReceivableMaximumPercentageConsumerLoans,Assets,Revenue,0.6658759713172913,False
CostsOfBillingsOnCompletedContractsOrPrograms,Expenses,Cost,0.5978325605392456,False
ConsumerAndCustomerDeposits,Other,Cost,0.20001250505447388,False
ServiceChargeOnLoans,Other,Cost,0.4248836934566498,False
GasMmcfPurchaseOfOilAndNaturalGasPropertiesInPlace,Cash Flow,Assets,0.36921826004981995,False
ScheduleOfDisclosureOfSharebasedCompensationArrangementsBySharebasedPaymentAwardZeroThreeFiveThreeThreeZeroJNinepNPKzFourlzfy,Cash Flow,Income,0.1992584764957428,False
LoansReceivableCommercialAgricultural,Assets,Revenue,0.26600366830825806,False
ShareBasedCompensationArrangementByShareBasedPaymentAwardEquityInstrumentsOptionsUnvestedOutstandingNumber,Equity,Equity,0.8959645628929138,True
ProceedsFromUnconsolidatedJointVentureExcessOfCumulativeEarnings,Cash Flow,Income,0.31524574756622314,False
ComprehensiveIncomeLossFromEquityMethodInvestmentsNetOfTaxPeriodIncreaseDecrease,Assets,Equity,0.4690660834312439,False
GainFromWriteoffOfLongagedPayables,Liabilities,Income,0.19414328038692474,False
IncomeTaxExpenseRelatedToUnfavorableTaxSettlement,Expenses,Income,0.4482664167881012,False
BusinessCombinationAcquisitionRelatedFairValueAdjustmentsRevenue,Revenue,Revenue,0.7106413245201111,True
SiteContingencyNumberOfSitesWithPotentialRemediationObligations,Liabilities,Liabilities,0.27096810936927795,True
AccrualForEnvironmentalLossContingenciesUndiscountedDueInFourYearsNetOfEstimatedInsuranceProceeds,Cash Flow,Cost,0.3196733295917511,False
ProceedsFromDispositionOfRealEstate,Cash Flow,Equity,0.3641138970851898,False
ConcentrationsZeroThreeFiveZeroNineFourZeroZeroSevenTwoxLfxFourPrTccb,Other,Cost,0.25045597553253174,False
ProceedsFromSaleVesselsToRelatedParties,Cash Flow,Revenue,0.3976227641105652,False
AssetRetirementObligationLiabilitiesRelatedToHeldForSale,Assets,Liabilities,0.6915996074676514,False
LoansandLeasesReceivableLoansinProcessandUnamortizedLoanCommitmentandOriginationFeesandUnamortizedDiscountsorPremiums,Assets,Liabilities,0.41641247272491455,False
ExtinguishmentofDebttodate,Liabilities,Cost,0.28128525614738464,False
CurrentPortionOfDeferredGainOnSaleLeaseback,Liabilities,Assets,0.21914801001548767,False
NetSalesPurchasesOfTradingSecurities,Revenue,Revenue,0.31622201204299927,True
NumberOfDevelopedMedicines,Other,Assets,0.21759308874607086,False
ScheduleOfAssetsAndLiabilitiesAtFairValueZeroThreeFiveZeroThreeFourZeroZeroOnesZeroFiveTOnewZeroTSixlCEight,Assets,Assets,0.379562646150589,True
CommonandPreferredStockSharesAuthorized,Equity,Assets,0.3220188617706299,False
AmortizationOfPremiumOnMarketableSecurities,Expenses,Cost,0.41536518931388855,False
PaymentsToAcquireRetainedInterestInSecuritizedReceivables,Assets,Revenue,0.2532898783683777,False
MinimumPercentShareOfEachStateAnnualizedBaseRentThatCompanyOwned,Other,Cost,0.33531951904296875,False
PercentageOfThresholdLimitForAmountSetAsideInReserveFundOfRegisteredCapital,Equity,Cost,0.2589041292667389,False
SavingDepositsAndMoneyMarketAccounts,Other,Assets,0.19332896173000336,False
MinorityInterestDecreaseFromDistributionsIncludingJointVentures,Other,Other,0.34684085845947266,True
Reversalofprioryearpatronageandredemptionestimates,Other,Revenue,0.32172533869743347,False
ServicingAssetatAmortizedCostAdditionsbyBusinessAcquisition,Assets,Assets,0.42923977971076965,True
StockBasedCompensationCommonStockAndOptionsGrantedToEmployeesAmount,Equity,Equity,0.373196542263031,True
ShareInGrossMargin,Other,Cost,0.34487101435661316,False
NonCashCollateralIssuedFinancialInstruments,Assets,Other,0.4955971837043762,False
LongTermDebtCurrentAndDebtInstrumentUnamortizedDiscount,Liabilities,Liabilities,0.3425348699092865,True
UnderOverDistributedEarningsAttributableToCommonUnitHolders,Other,Income,0.2693381905555725,False
ContingentPaymentObligationEstablishedForSaleOfProductInConnectionWithAcquisition,Liabilities,Cost,0.31442925333976746,False
ImpactofretrospectivelyadoptingnewaccountingguidanceonBenefitCosts,Expenses,Cost,0.8619301915168762,False
OtherPayableToRelatedPartiesTransferredToSubscribedCapital,Liabilities,Other,0.8607786893844604,False
AccrualForEnvironmentalLossContingenciesIncreaseDecreaseForCurrencyTranslationAndOther,Other,Other,0.8578445911407471,True
PercentageOfDiscountToAverageCommonStockPeriodPriorToConversion,Equity,Assets,0.2772979140281677,False
FairValueAssetNetDerivativeAssetLiabilityMeasuredOnRecurringBasisUnobservableInputsReconciliationSales,Revenue,Assets,0.6634982824325562,False
InventoryCurrentNoncurrent,Assets,Other,0.7313539385795593,False
NuclearFuel,Other,Cost,0.1747659593820572,False
ClassOfWarrantOrRightExpiredInPeriod,Other,Cost,0.16173581779003143,False
DerivativeAssetsNoncurrentGross,Assets,Assets,0.6632984280586243,True
DerivativeLiabilityNettingAdjustment,Liabilities,Liabilities,0.7679068446159363,True
CommonStockConversionPrincipalAmount,Equity,Cost,0.406897634267807,False
NumberOfOfficeBuildingsOwned,Other,Assets,0.615796685218811,False
CertificateOfferingMinimalInvestment,Assets,Cost,0.36158931255340576,False
PromissoryNoteCancelled,Other,Cost,0.37924209237098694,False
ProceedsReceivableFromFurnitureFixturesAndEquipmentDisposal,Assets,Revenue,0.482859343290329,False
CarriedInterest,Other,Equity,0.3000369071960449,False
SharesIssuesForServices,Equity,Equity,0.31752702593803406,True
AggregatesHeldForResaleInventory,Assets,Assets,0.48094114661216736,True
DeferredTaxAssetsNetOfRevenueRecognition,Revenue,Assets,0.6698417067527771,False
EarningsPerUnitBasic,Other,Income,0.4854258894920349,False
IncreaseRateAnnual,Other,Cost,0.27944043278694153,False
ProvisionForLoanLossesOnOriginatedLoansExpensed,Expenses,Expenses,0.7271438837051392,True
TaxBenefitExpenseFromShareBasedCompensationFinancingActivities,Expenses,Expenses,0.619953989982605,True
NumberOfOutstandingLettersOfCredit,Other,Equity,0.303009957075119,False
RentalProductNet,Other,Income,0.344758540391922,False
ReclassOfFairValueOfWarrantyLiabilityToCommonStockUponExerciseOfWarrants,Liabilities,Liabilities,0.3117002844810486,True
AccruedVacationAndBonus,Other,Assets,0.5200477242469788,False
FinancingReceivablewithNoRelatedAllowanceUnpaidPrincipalBalance,Assets,Other,0.3763304650783539,False
RealEstateNet,Other,Equity,0.3318255543708801,False
EventsCostOfRevenues,Revenue,Cost,0.4964193105697632,False
NumberOfVesselsInConstruction,Other,Assets,0.41293859481811523,False
SharebasedCompensationArrangementBySharebasedPaymentAwardEquityInstrumentsOtherThanOptionsOutstanding,Equity,Equity,0.5115926861763,True
InstantExchangeRateTwd,Other,Cost,0.22516685724258423,False
FormationLoanYearFive,Other,Cost,0.28734123706817627,False
ConversionOfRelatedPartyNoteToPreferredStock,Equity,Other,0.727362871170044,False
PayableForAcquisitionNonCurrent,Liabilities,Other,0.5528547763824463,False
CommonStockCapitalSharesReservedforFutureIssuanceStockWarrantsExercised,Equity,Equity,0.38640305399894714,True
UnrecognizedTaxBenefitsPeriodIncreaseDecrease,Other,Other,0.28387176990509033,True
EquityZeroThreeFiveThreeThreeZeroLdSkkpcPNmSixT,Equity,Equity,0.8487109541893005,True
Intercompanyassets,Assets,Assets,0.5771275162696838,True
OffBalanceSheetLoanCommitmentsEvaluatedForImpairment,Expenses,Other,0.4650754928588867,False
AccretionExpenseDueToGoldenPostPrefStock,Expenses,Expenses,0.5762984156608582,True
ShareBasedCompensationArrangementByShareBasedPaymentAwardEquityInstrumentsOtherThanOptionsExpiredWeightedAverageExercisePrice,Equity,Equity,0.5151349902153015,True
VariableInterestEntityConsolidatedAssetsToSettlementObligationsExceptRegisteredCapital,Assets,Assets,0.7510505318641663,True
Totalassets,Assets,Assets,0.8516594767570496,True
NumberofVariableInterestJointVentures,Other,Assets,0.22622883319854736,False
RelatedPartyBaseFeeDueAfterFifthYear,Other,Cost,0.4567011892795563,False
SignificantAccountingPoliciesZeroThreeFiveThreeSixZeroykTJStwCBPtFive,Other,Assets,0.20575691759586334,False
ClinicalTrialExpenses,Expenses,Expenses,0.6788093447685242,True
TaxAssessmentsWithInterest,Other,Revenue,0.3567329943180084,False
BankNotesDiscount,Other,Cost,0.3133530020713806,False
DebtInstrumentRepaymentRateRevenueContingencyThereafter,Revenue,Revenue,0.6438086628913879,True
NumberOfSecuritiesInContinuousUnrealizedLossPosition,Assets,Liabilities,0.34054064750671387,False
PeriodOverPriorYearPeriodPercentIncreaseDecreaseFeesAndOtherRevenue,Revenue,Revenue,0.41347426176071167,True
PreferredStockWarrantLiabilities,Liabilities,Liabilities,0.9382669925689697,True
InvestmentAccountedForByEquityMethod,Assets,Equity,0.7999136447906494,False
DisposalGroupIncludingDiscontinueOperationOperatingIncomeLoss,Income,Income,0.4345797598361969,True
ExerciceOfStockOptionPlanValue,Equity,Assets,0.2649056315422058,False
StockIssuedDuringPeriodValueConversionOfConvertibleSecurities1,Assets,Cost,0.4192177653312683,False
OtherIncomeTotal,Other,Other,0.6571586728096008,True
FixedConvertibleNotesPayableCurrent,Liabilities,Cost,0.3249788284301758,False
AdditionalPaidinCapitalSharePremiumAccount,Equity,Assets,0.4584066867828369,False
NumberOfSharesPreviouslyAccruedForButReversed,Equity,Other,0.1938525289297104,False
NoncashOrPartNoncashAcquisitionIntangibleAssetsAcquired,Assets,Assets,0.5662036538124084,True
InterestInJointVenture,Other,Income,0.2358899861574173,False
GainsLossesOnRepossessedAndForeclosedProperties,Other,Liabilities,0.35532134771347046,False
CertainLoansAcquiredInTransferNotAccountedForAsDebtSecuritiesAllowanceForLoanLossesReductionsFromPaymentsAndLiquidations,Assets,Liabilities,0.477672815322876,False
OtherThanTemporaryImpairmentLossesInvestmentsPortionRecognizedInEarningsNetDebtSecurities,Expenses,Other,0.7828138470649719,False
BuildingsFurnitureAndImprovements,Other,Assets,0.8426232933998108,False
ShareBasedCompensationArrangementByShareBasedPaymentAwardOptionsAndStockAppreciationRightsCancelledInPeriodWeightedAverageExercisePrice,Equity,Cost,0.2377076894044876,False
UnearnedPremiumDirect,Other,Cost,0.16994807124137878,False
DepositsOfCashOutsideDomesticCountry,Assets,Other,0.4959245026111603,False
ExchangeRatioAmountGreater,Other,Cost,0.18629607558250427,False
CommonStockCapitalValueReservedForFutureIssuance,Equity,Equity,0.3997834324836731,True
AccountsPayableSettledWithRestrictedCash,Assets,Cost,0.2593642771244049,False
MarketValuationAdjustmentsNet,Other,Assets,0.18623359501361847,False
PercentageOfRevenueByMajorCustomer,Revenue,Revenue,0.7070817947387695,True
StockOptionsAndWarrantsZeroThreeFourNineOneZeromCzpREightTwoGXLQTwo,Equity,Revenue,0.29613369703292847,False
Note9Interest,Other,Other,0.2853694260120392,True
ProceedsFromIssuanceOfCommonStockDividendReinvestmentPlan,Assets,Assets,0.29546815156936646,True
IncreaseDecreaseInDepositsAndPrepaidExpenses,Expenses,Expenses,0.644763708114624,True
ClassOfWarrantOrRightJanuaryPrivatePlacement,Other,Other,0.21991227567195892,True
ConvertibleNotesPayableExcludingRelatedParties,Liabilities,Other,0.5669399499893188,False
Increaseintaxreceivableagreementliabilityrelatedtoquarterlyexchangebymemberownerssharebasedcompensation,Assets,Liabilities,0.6585511565208435,False
MajorSuppliersAndCustomersZeroThreeFourNineNineThreeNineNineEightrzTwoOneQFivefyzZeroMJ,Other,Assets,0.17661699652671814,False
GainsLossesAndProvisionsOnOtherRealEstate,Other,Other,0.6446492671966553,True
StockBasedCompensationZeroThreeFiveOneNineZeroDzFiveFivemSixcOneFTwSix,Equity,Cost,0.23421423137187958,False
DerivativeLiabilityCollateralRighttoReclaimSecuritiesandCashOffset,Assets,Liabilities,0.7612724900245667,False
MortgageLoanParticipationAndSaleAgreement,Other,Revenue,0.26010632514953613,False
ScheduleOfSharebasedCompensationStockOptionsActivityZeroThreeFourEightEightThreeNineEightNinexgdBGpyWFGwh,Equity,Equity,0.19005170464515686,True
NumberOfIndividualCustomersAccountingForMoreThanTenPercentOfRevenue,Revenue,Revenue,0.6281014084815979,True
OperatingCostsAndExpensesOtherThanDepreciationAndRestructuring,Expenses,Other,0.5126655101776123,False
DeferredGainOnSaleOfRealEstateCurrent,Liabilities,Assets,0.2947032153606415,False
RepurchasedSharesFromVestedStockAwards,Equity,Assets,0.4860855042934418,False
GainLossFromInvestmentActivitiesNet,Assets,Assets,0.2569495439529419,True
FinancialExpensesLoss,Expenses,Expenses,0.4332088530063629,True
InstallmentLoans,Other,Liabilities,0.5959519147872925,False
CostOfClinicalEngineeringSolutions,Other,Cost,0.7148997187614441,False
CumulativeNetOperatingLoss,Other,Cost,0.36577901244163513,False
CharterHireCommissionPercentage,Other,Cost,0.4065682291984558,False
IncreaseDecreaseInDueToRelatedParties,Other,Other,0.759049117565155,True
ScheduleOfSegmentReportingInformationBySegmentZeroThreeFiveOneNineZeroSevenThreecFivelHwCnDcC,Other,Other,0.19400201737880707,True
LimitedPartnersCapitalAccountUnitsInitiallyAuthorized,Equity,Assets,0.26237180829048157,False
LegalFeesLgCapitalFundingLlc2,Equity,Cost,0.5044184923171997,False
PrepaidSoftwareandSupport,Other,Cost,0.34659862518310547,False
Debenture2,Other,Cost,0.46703824400901794,False
PrivateEquityGeneralandAdministrativeExpensesAdvancedonBehalfofaFortressFunds,Expenses,Equity,0.5627604722976685,False
DeferredOrdinarySharesAuthorized,Liabilities,Equity,0.3440939486026764,False
BusinessCombinationRecognizedIdentifiableAssetsAcquiredAndLiabilitiesAssumedAssetRetirementObligations,Assets,Liabilities,0.5213949680328369,False
ConversionsOfExchangeNotes,Other,Other,0.14878849685192108,True
ProceedsFromSaleOfConsumerLoansHeldForSale,Cash Flow,Revenue,0.72166907787323,False
FederalDepositInsuranceCorporationAndOtsoccAssessments,Other,Assets,0.2762692868709564,False
ConvertibleNotesPayablePrincipalBalanceConversions,Liabilities,Cost,0.15538233518600464,False
EquityZeroThreeFiveZeroNineFourZeroZeroSevenRPzwEightNineTPpLkG,Equity,Equity,0.8807840347290039,True
DeferredIncomeTaxRecovery,Liabilities,Income,0.6100655794143677,False
CommonStockZeroThreeFourNineEightZerocHpwgNinebQKFivepW,Equity,Assets,0.1893789917230606,False
DerivativeAssetBeforeEffectsOfMasterNettingArrangementsCurrent,Assets,Assets,0.8638413548469543,True
DeferredPolicyAcquisitionCostsPeriodIncreaseDecrease,Expenses,Cost,0.5786243081092834,False
GrossManagementFee,Other,Cost,0.48467114567756653,False
RestrictedCashRelatedtoProceedsfromLongtermDebt,Assets,Liabilities,0.3542363941669464,False
ScheduleOfSummaryOfConvertiblePromissoryNoteZeroThreeFiveThreeSixFourZeroThreeSixWFcdTwodFQBqcv,Other,Revenue,0.15609242022037506,False
PriorYearLossDevelopment,Other,Liabilities,0.47861629724502563,False
DeferredIncomeTaxExpenseBenefitExcludingShareBasedPaymentShortfall,Expenses,Expenses,0.5052227973937988,True
EffectiveIncomeTaxRateReconciliationNonTaxableEntities,Income,Income,0.6363542079925537,True
PriorYearClaimsandClaimsAdjustmentExpenseIncreaseDecreaseinPremiumEstimates,Expenses,Expenses,0.8573454022407532,True
ScheduleOfPropertyPlantAndEquipmentZeroThreeFiveTwoFourZeroySixwHGLLFourckSixR,Assets,Assets,0.33801934123039246,True
LessForeignTranslationAdjustmentPropertyPlantAndEquipment,Assets,Assets,0.5706661343574524,True
Warrantliabilityfairvalue,Liabilities,Liabilities,0.8383112549781799,True
DividendsPaidtoNoncontrollingInterest,Equity,Other,0.47846201062202454,False
ConvertiblePreferredStockTermsofConversionOptionalConversiontoCommonUnitsVolumeWeightedAveragePriceofCommonUnitsDollarvalue,Equity,Other,0.2706187963485718,False
ConvertiblePromissoryNotesZeroThreeFiveThreeSixFourZeroThreeSixbGOneVOneZeroFourTNLBy,Other,Cost,0.23838284611701965,False
ExpenseIncomeOnOperationsOfOtherRealEstate,Expenses,Other,0.33750274777412415,False
ScheduleOfSegmentReportingInformationlossIncomeFromOperationsBySegmentZeroThreeFiveZeroNineFourZeroZeroSevenWlvThreeFivesNineFivecZWx,Other,Income,0.692259669303894,False
ConvertibleNotesPayableRelatedPartyDebtDiscount,Liabilities,Other,0.6093057990074158,False
USTreasurySecuritiesAndMoneyMarketFundsFairValueDisclosure,Assets,Assets,0.2778451442718506,True
Liquidity,Other,Other,0.1666051149368286,True
StockGrantedValueSharebasedCompensationForfeitedTaxBenefit,Equity,Equity,0.2694247364997864,True
AccountsPayableToRelatedPartiesPayment,Liabilities,Other,0.8158413767814636,False
CommonSharesIssuedInConnectionWithTheConversionOfThe10SeniorConvertibleNotesAndAccruedInterestThereonValue,Equity,Equity,0.3767133951187134,True
EquityMethodInvestmentsOtherActivityNet,Assets,Equity,0.418264776468277,False
ScheduleOfWarrantsAndStockOptionsActivityZeroThreeFiveTwoFourFourZeroTwoOneTwoPMBdbTwoNEightlsw,Equity,Other,0.14745274186134338,False
StockOptionsInSubsidiaryGrantedAndVestedToEmployeesDirectorsAndConsultants,Equity,Assets,0.42003631591796875,False
ExpendituresForRealEstateDevelopment,Other,Expenses,0.5808035731315613,False
StockIssuedDuringPeriodValueIssuedForVendorContractTermination,Equity,Cost,0.2625930607318878,False
BeneficialConversionFeaturesSetUpAsDebtDiscount,Liabilities,Cost,0.2720402479171753,False
CompanyAlsoHadADemandLoanPayableOutstandingInThePrincipalAmount,Liabilities,Other,0.26042529940605164,False
ShareBasedCompensationExpenseRecognizedInOperatingExpense,Cost,Expenses,0.8114315867424011,False
TemporaryEquityDividendsPayablePaidInKind,Liabilities,Equity,0.8495814800262451,False
AmortizationOfIntangibleAssets,Expenses,Assets,0.3997880816459656,False
CostOfProductSalesExcludingAmortizationOfAcquiredDevelopedTechnologyAndIntangibleAssetImpairment,Revenue,Cost,0.5358235239982605,False
AsbestosRelatedInsuranceReceivablesNoncurrent,Assets,Other,0.48094239830970764,False
AllowanceForLossesOnReceivablesSpecificallyEvaluatedForImpairment,Expenses,Revenue,0.3462941646575928,False
FairValueMeasurementWithUnobservableInputsReconciliationRecurringBasisAssetPeriodIncreaseDecrease,Assets,Assets,0.8761188983917236,True
SignificantVendor,Other,Income,0.20318029820919037,False
CommitmentsZeroThreeFiveFourNineFourZeroFourFivegwwrJxvQOnePCL,Other,Cost,0.25130122900009155,False
VariableInterestEntityConsolidatedCarryingAmountPropertyNet,Assets,Assets,0.3487372398376465,True
ScheduleOfDeferredGovernmentGrantsZeroThreeFiveThreeEightZerohkBSevenTwoCsFourZSevenZeroSix,Liabilities,Other,0.19275136291980743,False
CashlessConversionOfWarrants,Assets,Cost,0.3582454323768616,False
ScheduleOfDisclosureOfSharebasedCompensationArrangementsBySharebasedPaymentAwardZeroThreeFiveThreeThreeZeroEightNineFiveThreeqdkWvEighttG,Cash Flow,Income,0.2034001648426056,False
Aep_ProceedsFromSaleOfMerchantGenerationAssets,Assets,Assets,0.8062359094619751,True
CostAndEstimatedEarningsInExcessOfBillings,Other,Cost,0.6893023252487183,False
DistributionsPayableToGeneralPartner,Liabilities,Cost,0.19480858743190765,False
PaymentforRepurchasesofStockforBenefitPlan,Equity,Cost,0.30405962467193604,False
PrincipalActivitiesBasisOfPresentationAndOrganizationZeroThreeFiveThreeEightZeroSevenSixdFJdTtbWTV,Other,Assets,0.1438244730234146,False
InformationTechnologyConversionCosts,Expenses,Cost,0.7299139499664307,False
EffectiveIncomeTaxRateReconciliationNondeductibleInterestAmount,Income,Income,0.8298125863075256,True
WorkingCapitalNet,Equity,Cost,0.26644086837768555,False
ReserveFacilityClosingsAndLeaseTerminationInterestAccretion,Other,Liabilities,0.195999413728714,False
TradingAdvisorsIncentiveFees,Other,Cost,0.24742144346237183,False
CertainLoansAcquiredInTransferAccountedForAsDebtSecuritiesRightToCallOrPrepayTheObligationsEstimatedFairValue,Assets,Liabilities,0.45205262303352356,False
OrganizationAndBusinessBackgroundZeroThreeFiveThreeFourZeroMPgOneZSixsgGFGv,Other,Other,0.18982616066932678,True
StockIssuedDuringPeriodValuesOnConversionOfNotesPayableTwentyOne,Liabilities,Cost,0.29659605026245117,False
IncreaseDecreaseInAccruedDistributions,Other,Assets,0.1801709085702896,False
Averageleaseterm,Other,Equity,0.20746955275535583,False
DeferredRentAndOtherLongTermLiabilitiesNoncurrent,Liabilities,Liabilities,0.6124754548072815,True
TaxRateDifferentialBetweenJuristictions,Other,Cost,0.3795079290866852,False
IncreaseNumberOfSharesThatMayBeIssued,Equity,Equity,0.27073317766189575,True
SubsidiaryRevenue,Revenue,Revenue,0.6089246869087219,True
PercentageChangeOfNetWrittenPremiums,Other,Revenue,0.2748623490333557,False
NumberOfSuccessiveFiveYearTerms,Other,Income,0.15239317715168,False
BusinessCombinationContingentConsiderationLiabilityEquity,Liabilities,Equity,0.7325677871704102,False
DeferredSalesInducementsAmortizationExpenseNetInvestmentGainsLosses,Revenue,Expenses,0.7218829989433289,False
SecondQuarterNetIncomeLossFromDiscontinuedOperations,Income,Income,0.44276687502861023,True
RegulatoryAssetsRenewableEnergyRecovery,Assets,Assets,0.8542341589927673,True
ProvisionForIncomeTaxesZeroThreeFiveThreeSixZeroMhTkDmPLtNineDh,Income,Income,0.7404752969741821,True
TreasuryStockSharesROI,Equity,Revenue,0.4238460063934326,False
MaximumPercentageOfEquityInterestOfSubsidiariesBorrowingsGuaranteed,Equity,Equity,0.6915228366851807,True
DistributionMadeUnderCapitalGain,Equity,Other,0.20469628274440765,False
EstimatedFairValueOfWarrantLiabilityRemeasurementCharge,Liabilities,Liabilities,0.7223925590515137,True
CapitalStockZeroThreeFiveFourNineFourZeroFourFiveLKKEightgnzOneOneThreeXNine,Equity,Cost,0.6312270760536194,False
TierOneRiskBasedCommonCapitalRequiredForCapitalAdequacy,Equity,Cost,0.2237113118171692,False
ShareBasedCompensationArrangementByShareBasedPaymentAwardOptionsOutstandingInPeriodGrantDateIntrinsicValue,Cash Flow,Assets,0.17362923920154572,False
RegulatoryAccountingPrinciplesNetLoss,Income,Liabilities,0.2902180552482605,False
ImpairmentofLoansHeldforSale,Expenses,Liabilities,0.33215224742889404,False
OrganizationAndSummaryOfSignificantAccountingPoliciesZeroThreeFiveZeroFourZerofgSmXPgTyrSixD,Other,Assets,0.20375540852546692,False
BusinessCombinationRecognizedIdentifiableAssetsAcquiredandLiabilitiesAssumedTenantOriginationandAbsorptionCostsIntangibles,Expenses,Assets,0.4362504482269287,False
ForeignExchangeGainLossOnIntercompanyDebt,Liabilities,Liabilities,0.4160752594470978,True
WeightedAverageNumberOfSharesOutstandingTotal,Equity,Assets,0.32628771662712097,False
EquityMethodInvestmentSummarizedFinancialInformationNetInvestmentInProperties,Assets,Equity,0.88587486743927,False
PreconfirmationIntangibleAssetsNet,Assets,Assets,0.8766816854476929,True
SecuritiesLoanedRateRequiredOfCollateralAsPercentOfMarketValueOfLoansSecurities,Assets,Cost,0.34259578585624695,False
CommittmentsToExtendCredit,Other,Equity,0.24065007269382477,False
NoncashInvestingAndFinancingItemsTotal,Assets,Other,0.42835354804992676,False
OperatingLeasesTypicalNumberOfLeaseRenewalOptions,Other,Income,0.23416094481945038,False
NonCashAdjustmentDerivativeFairValue,Assets,Other,0.49417802691459656,False
CommitmentsSignificantContractsAndContingenciesZeroThreeFourNineSixZerovHNzRDWSGhSevenZ,Other,Cost,0.2005186378955841,False
NetPurchasesProceedsFromSalesOfMoneyMarketFunds,Revenue,Revenue,0.23348160088062286,True
IncomeTaxesPreferentialIncomeTaxRateAdvancedAndNewTechnologyEnterprises,Income,Income,0.7333837151527405,True
AmortizationofotherfairvalueadjustmentsnetarisingontheMerger,Expenses,Other,0.6076580882072449,False
LoanBalanceForReviewingHighRiskLoansMinimum,Other,Cost,0.2585206925868988,False
GuaranteeObligationsCurrentCarryingValue,Liabilities,Cost,0.20237953960895538,False
OwnershipControlPercentageWithDisputesResolvedThroughArbitration,Other,Assets,0.2096606343984604,False
AccruedSoftwareLicenseFees,Other,Expenses,0.3671925663948059,False
RecoveriesOfPreproductionCostsRelatedToLongTermSupplyAgreements,Expenses,Cost,0.6090174317359924,False
AccruedInformationTechnologySystemAndInfrastructureImplementationCurrent,Other,Assets,0.2862374782562256,False
TheValuationAllowance_MarchWas,Other,Assets,0.3107925057411194,False
BusinessCombinationBargainPurchaseGainRecognizedAmount,Other,Assets,0.15640680491924286,False
AccountsPayableCurrentSubjectToThirdPartyService,Liabilities,Assets,0.23174838721752167,False
IncrementalWeightedAverageCommonSharesAttributableToConversionOfOpUnits,Equity,Equity,0.24632175266742706,True
NetAmountsOfLiabilitiesPresentedInStatementOfFinancialPosition,Liabilities,Liabilities,0.9596427083015442,True
EquityZeroThreeFourEightEightThreeNineEightNineFOnePXFiveNzKNinebvFive,Equity,Equity,0.8295150995254517,True
NetAssetsRestrictedToTransfer,Assets,Assets,0.8251424431800842,True
PercentageOwnership,Other,Equity,0.264944851398468,False
StockBasedCompensationRelatedToStockOptions,Equity,Other,0.2060404121875763,False
TemporaryEquityInterestInSubsidiaryEarnings,Equity,Equity,0.824734628200531,True
WorkingCapitalDeficit1,Equity,Cost,0.6552118062973022,False
DepositsIntercompany,Other,Other,0.7251672148704529,True
EffectiveIncomeTaxRateReconciliationUnrecognizedTaxBenefitsPercent,Income,Income,0.8203977942466736,True
AvailableForSaleSecuritiesInUnrealizedLossPositionsTwelveMonthsOrLongerQualitativeDisclosureNumberOfPositions,Revenue,Cost,0.18598374724388123,False
AccumulatedOtherComprehensiveIncomeLossCumulativeChangesInNetGainLossFromCashFlowHedgeEffectBeforeTax,Assets,Other,0.8080950975418091,False
StockRepurchaseProgramCumulativeSharesRepurchased,Equity,Equity,0.29638877511024475,True
AnnualExcessCoverage,Other,Equity,0.30336716771125793,False
AllowanceforShipAndDebit,Other,Assets,0.311971515417099,False
NoncashCapitalizedSoftwareAdditions,Assets,Other,0.5212849974632263,False
RealEstateCostOfRealEstateSoldNetOfGainLoss,Other,Cost,0.7804228067398071,False
OtherLongTermLiabilities,Liabilities,Other,0.5193183422088623,False
NumberOfCommonShares,Equity,Equity,0.5679548382759094,True
NumberOfInvestorsCompensationExpenseWasProvidedtoParentCEOBy,Expenses,Expenses,0.5742993354797363,True
MinedTonnageStockpiled,Equity,Assets,0.37029892206192017,False
ShareBasedCompensationNoncontrollingInterestEquityBasedAwards,Equity,Equity,0.6969704031944275,True
AccruedMunicipalSurcharge,Other,Cost,0.3746614456176758,False
NonInvestmentRevenue,Revenue,Revenue,0.5584986805915833,True
SharesEarnedAndIssuableUnderCompensationPlans,Equity,Equity,0.24382607638835907,True
TermLoanInterestPaymentsMade,Cash Flow,Cost,0.36883002519607544,False
VolumeOfStorageLagoon,Other,Assets,0.29473111033439636,False
ScheduleOfDisclosureOfSharebasedCompensationArrangementsBySharebasedPaymentAwardZeroThreeFiveThreeThreeZeroOnenxFournxCJSixZerofNine,Cash Flow,Other,0.17134712636470795,False
AvailableforsaleSecuritiesDebtMaturitiesRollingYearTwoThroughFiveAmortizedCostBasisPercent,Revenue,Cost,0.6551609635353088,False
CostofGoodsSoldNewEquipmentSales,Revenue,Cost,0.3349323868751526,False
DeferredTaxAssetsPropertyPlantAndEquipmentNoncurrent,Assets,Assets,0.6970051527023315,True
LossOnConversionOfWarrantLiabilityToStock,Liabilities,Liabilities,0.605110764503479,True
DiscountedCashFlowMethodologyNumberOfPayments,Assets,Cash Flow,0.8226479291915894,False
AmountRelatedToInterestRateHedgesOnCertainUnsecuredLongTermBorrowingsMaturingInYearSix,Other,Cost,0.5634549260139465,False
AccruedDrillingAndFacilityCosts,Expenses,Cost,0.5756427645683289,False
LiabilityClassifiedShareUnits,Liabilities,Liabilities,0.8791943788528442,True
TotalAnnualGrossRevenueonLastDayofFiscalYearBasedonWhichEntityWillCeaseStatusofEmergingGrowthCompany,Revenue,Revenue,0.71909499168396,True
AccumulatedOtherComprehensiveIncomeTranslationGainLossOnNetInvestmentHedgeTax,Assets,Other,0.7252734303474426,False
GeneralPartnersCapitalDeficit,Equity,Cost,0.5768387913703918,False
AdvancePaymentsAndOthersToUnrelatedParties,Cash Flow,Other,0.7619155645370483,False
ExpensesBeforeIncentiveFeesToAverageNetAssets,Expenses,Expenses,0.6049404144287109,True
FinancingReceivableModificationCombination,Assets,Other,0.22502435743808746,False
RetirementOfStockholderNotesReceivableNetOfIssuance,Assets,Revenue,0.4525710940361023,False
GoodwillAdditionsFromAcquisitions,Assets,Assets,0.46577978134155273,True
GainLossOnDispositionOfAssetsHeldForSale,Assets,Assets,0.7841011881828308,True
ScheduleOfConvertibleDebtZeroThreeFourEightEightThreeNineEightNinebKZeroQFHmNVkfx,Liabilities,Cost,0.42134639620780945,False
Unrealizedlosspositionforavailableforsaleandheldtomaturitysecuritiesinacontinuouslosspositionforlessthan12months,Assets,Liabilities,0.15870356559753418,False
MinimumInitialCapitalizationSaleOfShares,Equity,Cost,0.3595099151134491,False
PercentagesOfForeignOperationsConsolidatedRevenue,Revenue,Revenue,0.708615779876709,True
ScheduleOfChangesToValuationAllowanceForDeferredTaxAssetsZeroThreeFiveTwoFiveZerozwSevenSixZcTwowFourJTOne,Assets,Assets,0.8529301881790161,True
MultiemployerPlansMinimumContributionRate,Other,Cost,0.20749562978744507,False
DonationOfCommonStock,Equity,Equity,0.46167662739753723,True
RestructuringChargesOperatingActivities,Other,Cost,0.3013894855976105,False
ConvertibleLoanAgreementsZeroThreeFiveZeroThreeZeroKdNxqpfzlzWL,Other,Cost,0.3445169925689697,False
IncreaseDecreaseInLongTermDepositsClassifiedAsInvestingActivities,Other,Equity,0.22122670710086823,False
DeferredIncentiveIncomeMaturedDistributedGross,Liabilities,Income,0.7726044654846191,False
WeightedAveragePriceOfAntidilutiveSecuritiesExcludedFromComputationOfEarningsPerShare,Assets,Cost,0.27287745475769043,False
AmortizationYearTwo,Expenses,Cost,0.5639747977256775,False
CumulativeAmountOfUnpaidInterestOnImpairedLoans,Other,Cost,0.5470976829528809,False
AdvancesFromRelatedPartiesPayment,Cash Flow,Other,0.7871832847595215,False
ProceedsFromSaleOfStockHeldByStockEmployeeCompensationTrust,Equity,Revenue,0.37326616048812866,False
AccountsReceivableUnbilledandRetainage,Assets,Cash Flow,0.1921689659357071,False
SitesOnSuperfundNationalPrioritiesList,Other,Liabilities,0.21489837765693665,False
ScheduleOfSummaryOfConvertiblePromissoryNoteZeroThreeFiveThreeSixFourZeroThreeSixkqTmnmTmThreeKXx,Other,Revenue,0.16872964799404144,False
LongLivedAssetsHeldForUse,Assets,Assets,0.9137555360794067,True
AdjustmentsToAdditionalPaidInCapitalDeferredTaxAsset,Assets,Assets,0.8282195329666138,True
UnrealizedGainLossOnDerivativesFairValueAdjustment,Other,Other,0.18613168597221375,True
ScheduleOfDisclosureOfSharebasedCompensationArrangementsBySharebasedPaymentAwardZeroThreeFiveThreeThreeZerostTNineEightFiveQkyRVq,Cash Flow,Income,0.18127833306789398,False
FairValueMeasurementsCarriedForwardFromPriorPeriodEnded,Other,Assets,0.183195561170578,False
CapitalLeaseObligationsDiscountRemainderOfFiscalYear,Liabilities,Cost,0.5324472188949585,False
EmployeeStockPurchasePlanEmployeeMaximumContributionOfAnnualEarningsPerParticipantPercentage,Equity,Assets,0.35307538509368896,False
NetIncomeLossBeforeEarningsOfConsolidatedSubsidiaries,Income,Income,0.40430980920791626,True
TimeSharingTransactionsAllowanceForUncollectibleAccounts,Other,Other,0.1676841825246811,True
RestructuringAccrualExpectedToPayInNextTwelveMonth,Other,Cost,0.1914813071489334,False
GoodwillImpairmentTestExpectedControlPremium,Expenses,Assets,0.1868009865283966,False
ConstructionCostsTransferredDuringPeriod,Expenses,Cost,0.47930270433425903,False
ConvertibleDebtNoncurrent,Liabilities,Other,0.4840490221977234,False
ScheduleOfSharebasedCompensationStockOptionsAndWarrantsOrRightsActivityZeroThreeFourEightOneThreeNineEightTwoMLGbkEightKOneBMdT,Equity,Assets,0.15803521871566772,False
DeferredTaxAssetsValuationAllowanceOnRemainingAsset,Assets,Assets,0.9319012761116028,True
LineofCreditFacilityRemainingBorrowingCapacityAfterCovenantRestrictions,Other,Cost,0.18475781381130219,False
RangeOfExercisePrices021049WarrantsOutstandingAverageRemainingContractualLifeInYears,Other,Cost,0.3593180477619171,False
SubleasesFutureRentalIncomeDueinThreeYears,Other,Income,0.5052391290664673,False
FiniteLivedIntangibleAssetsRentalIncomeIncreaseDecreaseYearThree,Assets,Assets,0.48109692335128784,True
PaymentsForDividendsToPreferredUnitholders,Equity,Income,0.25356054306030273,False
NumberofSubsidiariesTaxableasaCorporation,Other,Cost,0.25408637523651123,False
RevenueFromHostedAndRelatedServices,Revenue,Revenue,0.5201155543327332,True
LossContingencyClassActionLawsuit,Other,Liabilities,0.5406064391136169,False
AdjustmentsToAdditionalPaidInCapitalSettlementOfDerivativeLiability,Liabilities,Liabilities,0.5550919771194458,True
DeferredCommissionNoncurrent,Liabilities,Other,0.7964283227920532,False
InterestExpenseOtherContraExpense,Expenses,Other,0.6487733721733093,False
ScheduleOfFairValueAssetsAndLiabilitiesMeasuredOnRecurringBasisZeroThreeFiveFourFourZeroFWOnevVKBWFTwoLw,Assets,Liabilities,0.5715890526771545,False
EquityZeroThreeFourEightEightThreeNineEightNinebFourGRKFoursTEighthZS,Equity,Equity,0.8766013383865356,True
IncreaseDecreaseServiceContractRelatedParties,Other,Other,0.3195256292819977,True
TotalRealizedandDeferredGainLossonDisposal,Liabilities,Liabilities,0.34634488821029663,True
IncomeLossFromContinuingOperationsPerDilutedShare,Other,Income,0.722408652305603,False
NonParticipatingManufacturerAdditionalAdjustmentCreditsRecognized,Other,Other,0.6715081930160522,True
ThirdQuarterOperatingExpense,Cost,Expenses,0.5811406373977661,False
ConvertibleDebenturesNetOfDiscountCurrent,Other,Cost,0.43258848786354065,False
ValuationCapByTheFullyDilutedNumberOfShares,Equity,Equity,0.3514818847179413,True
CommercialRevenuesRecognizedUponDeliveryGross,Revenue,Revenue,0.6915591955184937,True
FederalAndStateIncomeTaxesPayable,Liabilities,Income,0.49711114168167114,False
InterestNotes,Other,Other,0.2702949047088623,True
ShareBasedCompensationArrangementByShareBasedPaymentAwardEquityInstrumentsOtherThanOptionsVestedAndRedeemedWeightedAverageGrantDateFairValue,Equity,Equity,0.47922396659851074,True
AccumulatedLossesOfInvestee,Other,Liabilities,0.5094656944274902,False
RecallsAndOtherSafetyMeasuresAccrualPayments,Cash Flow,Other,0.6705479621887207,False
DepositsAssetsCurrentTotal,Assets,Assets,0.8663266897201538,True
LessTaxTaxBenefit,Other,Cost,0.2640722990036011,False
PaymentstoAcquireTimeDeposits,Cash Flow,Cost,0.30940529704093933,False
DerivativeCashReceivedPaidOnHedge,Assets,Cost,0.2334885150194168,False
NoncashorPartNoncashDistributionsPayable,Assets,Other,0.4844583570957184,False
FinancingReceivableModificationsRecordedInvestmentNotIncludedInNonAccrual,Assets,Other,0.5066626667976379,False
ServiceAgreementServicesProvided,Other,Equity,0.15415790677070618,False
DueToSubsidiariesCurrent,Other,Liabilities,0.3112761080265045,False
ScheduleOfFairValueOfDerivativeLiabilityRelatedToWarrantsZeroThreeFiveZeroNineFourZeroZeroSevenTzSevenFivetHtpsZeronw,Liabilities,Liabilities,0.6584769487380981,True
DebtInstrumentCollateralPercentage,Liabilities,Cost,0.42884886264801025,False
ScheduleOfSevenFiveZeroZeroZeroStockOptionsValuationAugustOneThreeTwoZeroOneFiveZeroThreeFourEightOneThreeNineEightTwoTcLThreeTdLxJXFg,Equity,Cost,0.24157990515232086,False
ConsolidationLessThanWhollyOwnedSubsidiaryParentOwnershipInterestEffectsOfChangesNetZeroThreeFourEightEightThreeNineEightNineqOneCThreeXpslgxSQ,Other,Other,0.4300635755062103,True
PaymentsForDepositsForPurchaseOfProductiveAssets,Assets,Assets,0.6989128589630127,True
IncreaseDecreaseInAdvancesFromBorrowersForTaxesAndInsuranceNet,Other,Expenses,0.19651494920253754,False
LoansheldforinvestmentNetUnrealizedGain,Assets,Liabilities,0.4081682860851288,False
ScheduleOfDisclosureOfSharebasedCompensationArrangementsBySharebasedPaymentAwardZeroThreeFourEightEightThreeNineEightNinecFiveVSevenvwmmOnenpF,Cash Flow,Income,0.19447773694992065,False
SellingCommissionsAndDealManagerFeesIncurred,Other,Cost,0.2534290850162506,False
RatioOfAllowanceForLoanAndLeaseLossesToTotalGrossLoansAndLeases,Other,Liabilities,0.3119540810585022,False
PaymentOfContingentConsideration,Cash Flow,Cost,0.29424819350242615,False
StatutoryAccountingPracticesPortionOfExcessRetainedEarningsNotTaxed,Equity,Income,0.25295865535736084,False
LoansAndLeasesReceivableNetOfDeferredIncomeIncludingCoveredLoans,Assets,Liabilities,0.47014638781547546,False
RealEstateIncomeNet,Other,Income,0.5475046634674072,False
DvdSubscriptionAndOtherRevenues,Revenue,Revenue,0.47461408376693726,True
LongtermInvestmentsAndNotesReceivableNoncurrent,Assets,Other,0.5476614832878113,False
ShareBasedCompensationArrangementByShareBasedPaymentAwardNumberOfSharesForfeituresAvailableForReGrant,Equity,Revenue,0.49735140800476074,False
DeferredCostsCurrentAndNoncurrentAccumulatedAmortization,Expenses,Cost,0.49031034111976624,False
ScheduleOfShorttermDebtZeroThreeFourNineFiveThreeNineNineFourThreekOnebhyHyzSixXp,Liabilities,Cost,0.3069639205932617,False
RoyaltiesFutureMinimumPaymentsDueInFiveYears,Cash Flow,Revenue,0.638809323310852,False
InvestmentsandCashAmountthatBecameUnrestrictedDuringthePeriod,Assets,Assets,0.6104803681373596,True
ImpactOnFairValueOfTwentyFiveBasisPointsDecrease,Other,Assets,0.17613765597343445,False
DeferredSharesSharesOutstanding,Liabilities,Assets,0.366105318069458,False
ConvertiblePromissoryNotesPayableRelatedPartiesCurrent,Liabilities,Other,0.4112325608730316,False
RevenueTechnologyUk,Revenue,Revenue,0.6955463290214539,True
StockIssuedDuringPeriodSharesIssuedForConversionOfDebt,Liabilities,Cost,0.2907926142215729,False
NumberOfThemeParks,Other,Assets,0.26434043049812317,False
ConvertibleStockIssuedByReDesignationOfOrdinaryShares,Equity,Cost,0.23740530014038086,False
OtherDebtors,Liabilities,Liabilities,0.4741727411746979,True
AssignmentOfRelatedPartyNotesPayableToAnUnrelatedThirdParty,Liabilities,Other,0.3739769160747528,False
CashAndCashEquivalentsAtCarryingValueHeldAtTwoFinancialInstitutions,Assets,Assets,0.30837470293045044,True
PolicyLoansPercentOfTotalInvestments,Assets,Liabilities,0.47125473618507385,False
StoreClosingReserve,Other,Cost,0.200940802693367,False
AmortizationOfIntangibleAssetsLessCapitalizedSoftwareDevelopmentCostsAndAcquiredDataSets,Expenses,Cost,0.45263388752937317,False
IncreaseDecreaseinDuefromRelatedPartiesInvestingActivities,Other,Other,0.5369729399681091,True
NetCashFromAcquitionNetOfPaidForPrefrredStock,Assets,Assets,0.23632532358169556,True
ShareBasedCompensationArrangementShareBasedPaymentAwardOptionsPercentageOfOutstandingOptions,Cash Flow,Assets,0.2232203185558319,False
DosimetryDevicesAccumulatedDepreciation,Expenses,Cost,0.4148552417755127,False
AreaOfRealEstatePropertyAcquired,Assets,Assets,0.38212108612060547,True
FreshStartAdjustmentIncreaseDecreaseInvestments,Assets,Assets,0.21275120973587036,True
Cashreceivablefromexercisedbutunsettledstockoptionsasofperiodend,Assets,Cash Flow,0.22146055102348328,False
EquityIssuancePerShareAmountAPSettlement,Equity,Equity,0.8591418266296387,True
StockOfferingMaximumNumberofSharesAvailableForSaleThroughAtTheMarketEquityOfferingProgramATMProgram,Equity,Equity,0.8194942474365234,True
CustomerAcquisitionCostCurrent,Other,Cost,0.7763118743896484,False
OtherAccruedExpensesAndLiabilitiesNoncurrent,Expenses,Other,0.5945850610733032,False
GainLossonHedgeIneffectiveness,Other,Liabilities,0.5813177227973938,False
DisposalOfFullyDepreciatedRealEstate,Other,Cost,0.28008389472961426,False
ChangesinEstimatesatCompletion,Other,Cost,0.23656047880649567,False
EmployeeServiceShareBasedCompensationNonvestedAwardsCompensationCostNotYetRecognizedDueInThreeYears,Other,Cost,0.6433567404747009,False
ElectronicBankingExpense,Expenses,Cost,0.529012143611908,False
PrincipalPaymentsReceivedOnAvailableForSaleSecurities,Revenue,Revenue,0.17553803324699402,True
ShareBasedCompensationArrangementByShareBasedPaymentAwardFairValueAssumptionsPrevestCancellationRate,Cash Flow,Cost,0.17404119670391083,False
CiprofloxacinSettlement,Other,Cost,0.3086540400981903,False
RestructuringChargesBusinessRealignment,Other,Expenses,0.2514106035232544,False
NoninterestIncomeFromTrust,Other,Income,0.6187658309936523,False
FreshstartAdjustmentIncreaseDecreaseOilAndGasPropertyFullCostMethodNet,Assets,Cost,0.3529774844646454,False
PeriodOverPriorYearPeriodPercentIncreaseDecreaseServiceExpenses,Expenses,Expenses,0.8316483497619629,True
Operatingexpensespaidbyothers,Cost,Other,0.5061858296394348,False
CommonUnitsIssuedDuringPeriod,Other,Equity,0.14327508211135864,False
SummaryOfSignificantAccountingPoliciesZeroThreeFiveZeroNineFourZeroZeroSevenXwgQEightdTThreeSqGZ,Other,Cost,0.1712084710597992,False
MarketableSecuritiesReclassification,Assets,Assets,0.21664555370807648,True
AccruedCustomerAllowances,Other,Assets,0.3057039678096771,False
CapitalStockZeroThreeFiveFourNineFourZeroFourFivewSixhtgRpCCGNK,Equity,Cost,0.5376402735710144,False
NoncashorPartNoncashAcquisitionValueofWorkingCapitalAcquired,Assets,Other,0.6011555790901184,False
EstimatedAmortizationOnLongtermRentConcessionYearFour,Expenses,Cost,0.5578369498252869,False
AmountOfSharesPledged,Equity,Equity,0.3064589202404022,True
NoncashProjectAbandonmentCosts,Expenses,Cost,0.5594387054443359,False
SiteContingencyNumberofPotentiallyResponsibleParties,Other,Liabilities,0.18142050504684448,False
FinancingReceivableModificationsPostModificationRecordedInvestmentNumberOfContracts,Assets,Cost,0.23066958785057068,False
NumberOfUnconsolidatedJointVenturePartnerships,Other,Other,0.20325514674186707,True
StockIssuedToSettleAccountsPayableAmount,Liabilities,Cost,0.2918546497821808,False
UnrealizedGainsLossesOnInvestmentsCarriedAtCost,Assets,Cost,0.6998078227043152,False
CapitalizedExploratoryWellCostsGreaterThanOrEqualToOneYearAndLessThanThreeYears,Expenses,Cost,0.7713452577590942,False
SegmentReportingReconcilingItemInLossesAndOtherExpensesFromSegmentToConsolidatedAmount,Expenses,Expenses,0.583166241645813,True
FinancingReceivableModificationsPostModificationInvestmentRecorded,Assets,Cost,0.19114941358566284,False
AssignmentOfNotesPayableToConvertibleNotes,Liabilities,Cost,0.18731597065925598,False
EffectiveIncomeTaxRateReconciliationStockOptions,Equity,Income,0.7483443021774292,False
PreciousMetalsStatedUnderNonLIFOCostMethods,Other,Other,0.34622204303741455,True
MortgagesReceivableFromAffiliate,Assets,Cost,0.34208279848098755,False
StockIssuedDuringPeriodValueIssuedForServicesFour,Equity,Cost,0.26450127363204956,False
ScheduleOfNetRevenuesFromManufactureOfBatteriesByGeographicalAreasZeroThreeFiveThreeEightZeroPDHnHQwDOneqJP,Revenue,Revenue,0.7306376695632935,True
TotalFixedMaturitySecuritiesFairValue,Assets,Assets,0.2568216919898987,True
OptionActivityAttributableToNoncontrollingInterestHolders,Other,Other,0.6334373950958252,True
DispositionsAtCost,Other,Cost,0.46186983585357666,False
SummaryOfSignificantAccountingPoliciesZeroThreeFourNineFiveZeroPNTPSevenSGCwTwogFive,Other,Cost,0.15277551114559174,False
IntersegmentRevenueEliminatedInConsolidation,Revenue,Revenue,0.8137538433074951,True
ShareBasedCompensationArrangementByShareBasedPaymentAwardEquityInstrumentsOtherThanOptionsExercisableWeightedAverageGrantDateFairValue,Equity,Equity,0.5080157518386841,True
PercentageTotalOfMaturityDistributionOfTimeDeposits100000OrMore,Other,Cost,0.16721737384796143,False
DisposalGroupsIncludingDiscontinuedOperationsZeroThreeFiveOneEightZeroFivenTSixTKSevensZCTwoh,Other,Other,0.3638448119163513,True
CostOfOnboardAndOther,Other,Other,0.5255821943283081,True
EsppShareDiscount,Other,Equity,0.3098941147327423,False
ScheduleOfDisclosureOfSharebasedCompensationArrangementsBySharebasedPaymentAwardZeroThreeFiveThreeThreeZeroJBDfdTwopGzTwoWB,Cash Flow,Income,0.17618444561958313,False
PutableAdvances,Other,Assets,0.3872528374195099,False
CarriedInterestNonconsolidatedCarryingAmount,Other,Other,0.5244461894035339,True
PaymentsToAcquireLoansAndLeasesHeldForInvestment,Assets,Liabilities,0.3131372630596161,False
AccumulatedOtherComprehensiveIncomeLossDeferredGainLossDerivativesQualifyingAsHedgesBeforeTax,Liabilities,Other,0.8432165384292603,False
ScheduleOfProvisionForIncomeTaxesZeroThreeFiveThreeFourZeroBDdbPwTCzqyk,Income,Income,0.7359831929206848,True
TaxesOtherThanIncome,Other,Other,0.6215591430664062,True
ScheduleOfSubsidiariesAndVariableInterestEntityZeroThreeFiveZeroNineZeronxlwFhdFiveWnCk,Other,Other,0.22122792899608612,True
OperatingLeasesFutureMinimumPaymentsDueinThreeYearsFutureMinimumSubleaseRentals,Cash Flow,Cost,0.2385014444589615,False
WeightedAverageExercisePriceWarrantsIssued,Other,Cost,0.6129472255706787,False
CapitalLeasesFutureMinimumPrincipleDueCurrent,Equity,Cost,0.3265186846256256,False
IndemnificationClaimsNumberDuringPeriod,Other,Liabilities,0.24450689554214478,False
PrincipalActivitiesBasisOfPresentationAndOrganizationZeroThreeFiveThreeEightZeroxOneMphThreewsRPhq,Other,Revenue,0.17126990854740143,False
ProfessionalFeesRelatedtoFinancialReporting,Other,Cost,0.30058640241622925,False
GainOnSaleOfLandTotal,Cash Flow,Revenue,0.359922856092453,False
SharesIssuedToPriorYearInvestors,Equity,Equity,0.3645375370979309,True
ProceedsFromOptionAndWarrantExercises,Cash Flow,Revenue,0.38864296674728394,False
OptionsExpense,Expenses,Expenses,0.5846297144889832,True
SupplyAgreementFutureMinimumPaymentsDueNextTwelveMonths,Cash Flow,Cost,0.22903141379356384,False
IncomeTaxesZeroThreeFourNineFiveZeroTXwSevenZSFourQpLfOne,Income,Income,0.7400164604187012,True
DeferredTaxAssetsTaxDeferredExpenseReservesAndDepreciationAndOtherLiabilities,Expenses,Liabilities,0.6272246241569519,False
IncomeTaxConcessionImpactonBasicEarningsperShare,Income,Income,0.8425207734107971,True
DistributionspaidtocommonunitholdersPublic,Other,Cost,0.16358892619609833,False
AdvancesMadeDirectlyOrIndirectlyToExecutiveOfficersForPersonalBenefits,Other,Other,0.21748831868171692,True
ProceedsFromSaleOfRestrictedStockToCoverTaxes,Equity,Revenue,0.6035138964653015,False
TradeAccountsReceivableNetZeroThreeTwoSevenOneThreeSevenSixFiveSevenhZStTbmhrwR,Assets,Revenue,0.5441150069236755,False
InitialPublicOfferingExpenses,Expenses,Expenses,0.7367393970489502,True
ConsiderationReceivedFromNonCashExchangesOfInvestmentSecurities,Assets,Other,0.3728371560573578,False
DiscontinuedOperationNumberofBusinessesSold,Other,Assets,0.28140324354171753,False
ConvertibleNote5AdarOriginalBorrowing,Other,Other,0.28947174549102783,True
VoyageExpensesRelatedParties,Expenses,Expenses,0.5309923887252808,True
SoftwareDeliverySupportAndMaintenanceRevenue,Revenue,Revenue,0.7536699771881104,True
LoansAndLeasesReceivableOtherAllowances,Assets,Other,0.4156856834888458,False
InvestmentsOfConsolidatedInvestmentProducts,Assets,Assets,0.32894057035446167,True
OfficeAndOther,Other,Other,0.9195508360862732,True
DividendsPayableAnnualDividendRateAmountPerShare,Liabilities,Income,0.3117504417896271,False
AdvisorExpenseReimbursementAlternative2,Expenses,Other,0.41596779227256775,False
TradingSecuritiesEquityCost,Assets,Cost,0.5350132584571838,False
DebtInstrumentNoncurrentPortionOfUnamortizedDiscount,Liabilities,Other,0.6471748352050781,False
FutureAllocatedShareBasedCompensationExpenseYearThree,Expenses,Expenses,0.629127562046051,True
InventoryNetProfitIncludedInCommisions,Assets,Income,0.4218231737613678,False
NetProceedsFromSaleVessels,Cash Flow,Revenue,0.32049766182899475,False
RevenueShareAndRoyaltiesExpense,Revenue,Expenses,0.48602354526519775,False
MinorityInterestInPreferredUnitHolders,Other,Other,0.33034631609916687,True
OtherComprehensiveIncomeDefinedBenefitPlansNetUnamortizedGainLossArisingDuringPeriodTax,Other,Other,0.8699127435684204,True
ReceivableDeemedPastDueOrUncollectible,Assets,Other,0.36961036920547485,False
ClassOfWarrantsOrRightExchangedDuringPeriod,Other,Cost,0.14221465587615967,False
PrepaidExpensesAndDeferredCost,Expenses,Cost,0.520980715751648,False
DamageClaimForAllegedUnpaidLicensingFee,Other,Cost,0.3753066658973694,False
AccruedPayrollAndOtherLiabilitiesCurrent,Liabilities,Liabilities,0.6241430640220642,True
WarrantsIssuedForFinancingShares,Equity,Equity,0.47541773319244385,True
NetDividendsCommonStockMandatorilyRedeemableCapitalStock,Equity,Equity,0.3039170801639557,True
VariableInterestEntityReportingEntityInvolvementMaximumLossExposureAdditionalAggregateAmountThatCouldBeRequired,Other,Assets,0.18157103657722473,False
RetailBrokerageAndAdvisoryIncome,Other,Income,0.6985129714012146,False
AverageNumberOfOptionsContractsTraded,Other,Assets,0.2201012820005417,False
FairValueLevel1toLevel2TransfersAmount,Other,Assets,0.16399358212947845,False
EstimatedPercentOfCommonSharesHeldByAquiredEntityAfterMerger,Equity,Assets,0.38746973872184753,False
GainLossOnSalesOfLoansNet,Revenue,Liabilities,0.17174547910690308,False
SignificantVendorPercentage,Other,Cost,0.24976615607738495,False
PercentageOfValuationAllowance,Other,Assets,0.21751391887664795,False
GainOnLicenseFees,Other,Revenue,0.36351144313812256,False
NumberOfOperatingLeaseRenewalOptions,Other,Assets,0.21047595143318176,False
OperatingandCapitalLeasesandPurchaseCommitmentsFutureMinimumPaymentsDueInThreeYears,Equity,Expenses,0.389317125082016,False
ScheduleOfSharebasedCompensationStockOptionsActivityZeroThreeFiveFourFourZerozBdcdThreeRgTtOnes,Equity,Other,0.6176401972770691,False
CompanyEnteredAnAgreementToIssueThreeOneYearConvertibleNotes,Other,Cost,0.18707942962646484,False
MaximumAmountOfCommercialLoansReceivableThirdPartyCreditScoringModelsUsedForRiskRating,Assets,Cost,0.22993293404579163,False
DeferredTaxAssetsTaxDeferredExpense,Expenses,Assets,0.7870387434959412,False
NumeratorForDilutedEpsNetIncomeLossFromContinuingOperationsAfterAssumedConversions,Income,Income,0.47098347544670105,True
TaxesPaidOnEmployeesRestrictedShareAwardVestings,Other,Revenue,0.3741101622581482,False
DueToFromAdviser,Other,Liabilities,0.1901017427444458,False
BrazilMatterNumberofLawsuitsfiled,Other,Other,0.3454637825489044,True
SaleOfCommonStock,Equity,Assets,0.25836458802223206,False
TierTwoRiskBasedCapitalToRiskWeightedAssets2019RegulatoryMinimumRationPlusCapitalConservationBuffer,Assets,Assets,0.8222034573554993,True
MarketAndTerritoryAnalysis,Other,Assets,0.18102610111236572,False
InterestExpenseDomesticDepositLiabilitiesWithdrawalPenalties,Expenses,Liabilities,0.5646918416023254,False
GainLossOnInvestmentsExcludingOtherThanTemporaryImpairmentsTax,Expenses,Other,0.5938465595245361,False
Productionandnonproductiondepreciationandamortizationexpense,Expenses,Expenses,0.7203056216239929,True
DeferredTaxAssetsOperatingLossCarryforwardDomesticSubsidiary,Assets,Assets,0.7052974700927734,True
IntellectualPropertyRightsOwnershipInterestToBeTransferredPercentage,Assets,Assets,0.28829851746559143,True
PromissoryNoteWasIssuedInTheFaceAmount,Other,Cost,0.4190440773963928,False
ComprehensiveIncomeNetOfTaxIncludingPortionsAttributableToNoncontrollingAndRedeemableInterest,Other,Income,0.842952311038971,False
SBAGuaranteeFee,Other,Cost,0.5746186971664429,False
FreshStartAdjustmentIncreaseDecreaseOtherLongTermDebt,Liabilities,Other,0.8574802875518799,False
CashReceivedInLieuOfDrillingServices,Assets,Revenue,0.28474321961402893,False
GoodwillWrittenOffRelatedToDisposalOfAssetsHeldForSale,Assets,Assets,0.8517940044403076,True
WarrantPurchased,Other,Cost,0.4546210467815399,False
IssueOfCommonStockForAcquiringLicenseValue,Equity,Cost,0.2480258047580719,False
SharesHeldInEquityInvestmentSold,Assets,Equity,0.4536597430706024,False
AmountHeldInTrustAccountUponClosingOfOffering,Other,Cost,0.21743415296077728,False
ScheduleOfSharebasedCompensationStockOptionsActivityZeroThreeFourNineFourZeroxcnpfVsndwLT,Equity,Equity,0.18161840736865997,True
FairValueAssetsMeasuredOnRecurringBasisGainLossIncludedInEarnings,Assets,Assets,0.8692339062690735,True
PaymentsToAcquireCommercialRealEstate2,Cash Flow,Equity,0.24097056686878204,False
PrincipalcollectionsoncreditrisktransferandnonAgencysecurities,Assets,Liabilities,0.1877170354127884,False
PaymentsToAcquirePreciousMetals,Cash Flow,Cost,0.4268266260623932,False
ScheduleOfSummaryOfConvertiblePromissoryNoteZeroThreeFiveThreeSixFourZeroThreeSixngEightcOneFkpwQSThree,Other,Revenue,0.16889281570911407,False
IncreaseDecreaseinAccountsReceivableandOtherAssetsIncludingRelatedParty,Assets,Assets,0.5170387029647827,True
ShareBasedCompensationPercentageOfTargetAwardGrantedForCalculatingMaximumAggregateAwardOfPerformanceShare,Other,Assets,0.25511759519577026,False
BorrowingsFromWorkingCapitalRevolvingCreditFacility,Equity,Cost,0.39477553963661194,False
ShareBasedCompensationArrangementByShareBasedPaymentAwardFairValueAssumptionsWeightedAverageGrantDateFairValue,Cash Flow,Assets,0.19918999075889587,False
DebtInstrumentConvertibleNumberOfLowestTradingPricesUsedToDetermineConversionPrice,Liabilities,Cost,0.5190795063972473,False
OtherComprehensiveIncomeLossPensionLiabilityAdjustmentTaxAmount,Liabilities,Other,0.7865039706230164,False
StockCompensationExpenseOnStockAward,Expenses,Cost,0.38909515738487244,False
UnderwritingAcquisitionAndInsuranceExpenses,Expenses,Expenses,0.7720999717712402,True
SharesOfCommonStockIssuanceToWarrants,Equity,Equity,0.2732332944869995,True
WarrantsGrantedPrice,Other,Cost,0.662528932094574,False
MogollonOptionCosts,Expenses,Cost,0.6420042514801025,False
CommitmentsAndContingenciesZeroThreeFiveTwoFiveZerowDrWcThreetkThreerSevenD,Other,Other,0.20201371610164642,True
ScheduleOfDisposalGroupsIncludingDiscontinuedOperationsCashFlowsDisclosuresZeroThreeFiveTwoSevenZerodGZeroThreerEightEightXkMCR,Assets,Cash Flow,0.7212003469467163,False
IncomeTaxZeroThreeFiveZeroZeroThreeNineNineNineThreeSZhrqbzJFTOne,Income,Income,0.8236351013183594,True
CompanyWillPayToTheLicensorAOneTimeFee1,Other,Cost,0.4309842586517334,False
LesseeLeasingArrangementsOperatingLeasesAreaofLease,Other,Liabilities,0.17361855506896973,False
MarketableSecuritiesRestrictedCurrent,Assets,Assets,0.1992182731628418,True
IssuanceOfCommonStockValue,Equity,Equity,0.3873843550682068,True
NetAmountRetained,Equity,Income,0.18322500586509705,False
SpecialVotingSharesValue,Equity,Other,0.2819212079048157,False
EquityMethodInvestmentsBasisAdjustments,Assets,Equity,0.8403179049491882,False
GuarantyFees,Other,Cost,0.4809212386608124,False
PlacementCostsRelatedToNotesPayableInGold,Expenses,Cost,0.4518536627292633,False
NotionalAmountOfInterestRateDerivativesMaturingInYearFour,Other,Cost,0.3858790397644043,False
SeriesAUepHoldingsLlcParValue,Other,Equity,0.6091986894607544,False
IncreaseDecreaseRevenuePayable,Revenue,Revenue,0.6746714115142822,True
PaymentsForProceedsFromRentalOperations,Cash Flow,Revenue,0.41817334294319153,False
AtmAndCheckCardFeesExpenses,Expenses,Expenses,0.8356553912162781,True
RelatedPartyTransactionsZeroThreeFiveTwoSevenZeroSbpQngXRTggm,Other,Other,0.3089924156665802,True
BusinessCombinationContingentConsiderationLiabilityPayment,Liabilities,Liabilities,0.709870457649231,True
BusinessCombinationConsiderationTransferredRestrictedStockUnits,Equity,Assets,0.2875027656555176,False
ScheduleOfEffectiveIncomeTaxRateReconciliationZeroThreeFourNineEightZerockrZSgwdSixRld,Income,Income,0.7353198528289795,True
InterestBearingDepositLiabilitiesMeasuredAtFairValue,Liabilities,Liabilities,0.945615291595459,True
LegalSettlementPayable,Liabilities,Cost,0.31467363238334656,False
SeriesAConvertiblePreferredStockOutstanding,Equity,Assets,0.3414776027202606,False
NumberOfConsecutiveNonpaymentsForTdrLoanToBeDeemedDefault,Cash Flow,Liabilities,0.47269973158836365,False
MineralPropertyCostsZeroThreeFiveThreeSixZeropKCzcTMxvxTSeven,Expenses,Cost,0.8510921001434326,False
FederalHomeLoanBankAdvancesMaturitiesSummaryAverageInterestRateFourToFiveYearsFromBalanceSheetDate,Other,Cost,0.4123725891113281,False
ShorttermLoanZeroThreeFiveThreeSevenZerofBLlOneThreeJpkrFiveZero,Other,Liabilities,0.3866167962551117,False
ValueOfCommonStockRepurchasedBuybackPlan,Equity,Cost,0.3691992163658142,False
PrepaidCommissionToThirdPartyPaymentChannelsCurrent,Cash Flow,Cost,0.22806431353092194,False
FinishedGoodsInventoryWithTitlePassedToCustomer,Assets,Assets,0.7011018991470337,True
ScheduleOfCondensedBalanceSheetZeroThreeFiveThreeFourZeroyFourQJkzcKgtff,Other,Income,0.16096940636634827,False
NumberOfResortsManaged,Other,Assets,0.2709556221961975,False
PercentageofRevenueCollectedforAdvertisingFund,Revenue,Revenue,0.5887442231178284,True
PercentageOfOwnershipOnOutstandingCommonStockRequiredToBecomeRelatedParty,Equity,Other,0.33526235818862915,False
BasisAdjustment,Other,Cost,0.23862101137638092,False
DerivativeWarrantLiabilityFairValue,Liabilities,Liabilities,0.7799232006072998,True
SettlementLiabilitiesAfterIssuanceOfSharesCashPaymentsAndAdjustment,Assets,Liabilities,0.9010323286056519,False
ConvertiblePromissoryNotesZeroThreeFiveThreeSixFourZeroThreeSixsXvcZeroTvZNineLrk,Other,Cost,0.2857922911643982,False
GeneralCorporateExpense,Expenses,Expenses,0.5234764814376831,True
BookValueCollateralOfGrossLoanForAssetSpecificFinancingAgreements,Assets,Assets,0.6781244277954102,True
LiabilitiesSubjectToCompromiseOtherLiabilities,Liabilities,Other,0.5587989091873169,False
FiniteLivedIntangibleAssetsAndProductDevelopmentCostAmortizedAmount,Assets,Cost,0.4724849462509155,False
ScheduleOfSegmentInformationZeroThreeFiveZeroThreeFourZeroZeroOneEightOneThreeqThreeLFouryGKyQ,Other,Other,0.2934872508049011,True
SegmentReportingInformationNetInterestIncomeIncludingFullyTaxableEquivalentAdjustment,Other,Income,0.7408589124679565,False
RevenueFromEnrollmentAndRegistrationFeesInProgram,Revenue,Revenue,0.6441218256950378,True
PaymentsForRepurchaseOfCommonTreasurySharesStockPlanExercises,Equity,Cost,0.27542757987976074,False
PercentageReductioninCumulativeCashFlows,Assets,Cash Flow,0.782585084438324,False
StockReceivedDuringPeriodValueForPaymentOfStockOptionExercises,Equity,Cost,0.29187721014022827,False
MineralPropertiesCapitalizedCostsNet,Expenses,Cost,0.5553319454193115,False
DealerManagerandDistributionFees,Other,Cost,0.20294319093227386,False
ProportionalAmortizationMethodQualifiedAffordableHousingProjectInvestmentsNetIncomeTaxBenefit,Expenses,Income,0.4339241683483124,False
LongTermUnpaidClaims,Other,Liabilities,0.5124509930610657,False
ProceedsFromSalesOfLoansAndLoansHeldforsale,Revenue,Revenue,0.5247231125831604,True
InterestOnObligationsUnderLeases,Liabilities,Liabilities,0.34948036074638367,True
NumberOfProductCategoriesOfferedMinimum,Other,Other,0.2064770609140396,True
ScheduleOfCurrentRestrictedCashAndBondReservesZeroThreeFiveOneNineZeroyQWSevenLQhWLLmW,Assets,Assets,0.20394618809223175,True
MembershipInterest,Other,Equity,0.3071763813495636,False
BorrowingsUnderDebtObligations,Liabilities,Liabilities,0.542051374912262,True
TrustPreferredSecuritiesLiquidationValue,Assets,Cost,0.21160642802715302,False
AdjustmentstoAdditionalPaidinCapitalSharebasedCompensationRestrictedStockUnitorRestrictedStockAwardVested,Equity,Cost,0.24024657905101776,False
PreferredStockAccretionOfRedemptionDiscount,Equity,Assets,0.45540761947631836,False
NonCashAccountsPayableAndAccruedExpensesConvertedToStock,Expenses,Expenses,0.6182401180267334,True
AccruedExpensesAndOtherPayablesZeroThreeFiveThreeEightZeroTwoVMTMzPrRJEightH,Expenses,Other,0.4263871908187866,False
GeneralAndAdministrativeExpenseExcludingRelatedPartyExpense,Expenses,Expenses,0.5390518307685852,True
NumberOfStatesThatIssuePropertyAndCasualtyPolicies,Assets,Liabilities,0.40656813979148865,False
GoldenWideInternationalLimitedGWILHongKongALimitedLiabilityCompany,Liabilities,Liabilities,0.7104968428611755,True
FutureSubleaseIncomeInYearFive,Other,Income,0.7744798064231873,False
ImpairmentOfLonglivedAssetsAndOtherIntangibleAssetsHeldforuse,Expenses,Assets,0.529383659362793,False
EffectOfDilutiveSecuritiesOnNetIncomeLoss,Assets,Income,0.5236095190048218,False
FairValueInputsControlPremium,Other,Assets,0.20651693642139435,False
IssuanceOrCreditOfStockForServices,Equity,Equity,0.24535955488681793,True
ProceedsFromIssuanceOfMortgageLoanParticipationCertificates,Cash Flow,Revenue,0.4760966897010803,False
LoansAndLeasesImpairedNonperformingAccrualAndNonaccrual,Other,Liabilities,0.5619303584098816,False
DebtSecuritiesCarriedAtFairValueAmortizedCost,Assets,Cost,0.810505747795105,False
UnderwritersDiscountPercentage,Other,Cost,0.35561707615852356,False
CommercialLoansForeign,Other,Other,0.6834399700164795,True
StandbyLettersOfCreditFairValueDisclosure,Other,Cost,0.17464902997016907,False
Accruedvolumeincentivescurrent,Other,Income,0.17772947251796722,False
ExecutionAndClearing,Other,Assets,0.21062017977237701,False
NumberOfTerritories,Other,Other,0.1832280457019806,True
ExpensesPaidOnBehalfOfCompanySubscriptionReceivable,Expenses,Expenses,0.7561283707618713,True
NetOperatingLossExpiringOnSpecifiedDateTwoIfNotUtilized,Other,Cost,0.2326602190732956,False
SpinoffCostsIncludedinContinuingandDiscontinuedOperations,Expenses,Cost,0.5598649382591248,False
NoncashInvestingAndFinancingStockIssuedNetOfWithholding,Assets,Other,0.2289895862340927,False
ReversalAllowanceForDoubtfulOtherReceivablesCurrent,Assets,Other,0.72059166431427,False
ThresholdBeneficialOwnerPercentageDeterminingWithholdingIncomeTaxRate,Income,Income,0.6536902189254761,True
NoncashOrPartNoncashAcquisitionNoncashFinancialOrEquityInstrumentConsiderationWarrantsIssued1,Assets,Other,0.535424530506134,False
SeriesFAdjustmentToTransferAgentRecords,Other,Assets,0.19624628126621246,False
ChargebackReservesGoods,Other,Cost,0.34776023030281067,False
OtherIncome,Other,Other,0.6492711305618286,True
CollateralPostingClearing,Other,Other,0.4095662534236908,True
WeightedAverageNumberofSharesOutstandingExchangeable,Equity,Equity,0.34718167781829834,True
ScheduleOfConvertibleDebtZeroThreeFiveThreeThreeZeroRrxQvSMDLGpz,Liabilities,Cost,0.464314341545105,False
RelatedPartyTransactionDefinitionOfRelatedPartyCapitalStockPercentage,Equity,Cost,0.312684029340744,False
EquipmentAndVehiclesYardAndFieldDepreciableLivesFrom3To15Years,Assets,Liabilities,0.2657768428325653,False
BalanceAtEndOfPeriod,Other,Equity,0.4574356973171234,False
IncreaseDecreaseInManagementFeesRecivable,Other,Revenue,0.22159463167190552,False
TemporarilyImpairedAndOtherThanTemporarilyImpairedSecuritiesContinuousUnrealizedLossPosition12MonthsOrLongerAggregateLosses,Assets,Other,0.8522985577583313,False
ExpectedTerm,Other,Cost,0.15838311612606049,False
OilPrice,Other,Cost,0.8170658946037292,False
RepurchaseOfCommonStockOnAccount,Equity,Cost,0.2554202377796173,False
MgpSiteContingencyCount,Other,Cost,0.2181064784526825,False
FairValueOptionUnfundedLendingCommitmentsContractualAmount,Other,Liabilities,0.23176302015781403,False
ProceedsFromIssuanceOfAssetBackedNotesNetOfOriginalIssueDiscount,Assets,Assets,0.7577728629112244,True
NumberOfAdditionalDentalClinicsOpened,Other,Assets,0.35670122504234314,False
DeferredTaxLiabilitiesEmployeeStockOptionPurchase,Liabilities,Liabilities,0.8859405517578125,True
PercentageOfInterestAcquiredInASingleClinic,Other,Equity,0.2358892410993576,False
NetIncomeLossAttributabletoConvertibleNoncontrollingInterest,Income,Income,0.33006229996681213,True
AvailableLinesOfCreditForLoansAndCreditCardsToAffiliates,Other,Cost,0.15038496255874634,False
CapitalCommitments,Equity,Cost,0.5709055662155151,False
AmortizationOfStockOptionExpense,Expenses,Expenses,0.5972771644592285,True
NonCashTransactionDuringPeriod,Assets,Other,0.5686004757881165,False
UnamortizedCompensationCostRelatedToUnvestedStockOptionAwards,Equity,Cost,0.7454606890678406,False
PreferredStockSeriesAOutstanding,Equity,Assets,0.32398420572280884,False
EmployeeStockOwnershipPlanSharesAllocatedDuringPeriod,Equity,Assets,0.435300350189209,False
UnamortizedDeferredFinanceCosts,Expenses,Cost,0.6515766978263855,False
AdjustmentsToAdditionalPaidInCapitalWarrantIssuedForProfessionalServices,Equity,Cost,0.31350967288017273,False
PercentageOfDeferredOriginationFees,Liabilities,Cost,0.3488435447216034,False
EscrowDepositsOther,Other,Other,0.8447524905204773,True
ManagementAndOtherFeesFromAffiliates,Other,Other,0.448393315076828,True
InvestmentinLowIncomeHousingProjects,Assets,Income,0.34393396973609924,False
StockRepurchasedAndRetiredOrNewlyIssuedDuringPeriodNetValue,Equity,Assets,0.25611448287963867,False
ScheduleOfDisposalGroupsIncludingDiscontinuedOperationsIncomeStatementBalanceSheetAndAdditionalDisclosuresZeroThreeFiveZeroNineFourZeroZeroSevenEightmRMhJJgvNSixTwo,Other,Income,0.4793473780155182,False
ChangesInComponentsOfWorkingCapitalAssociatedWithInvestingActivities,Equity,Cost,0.25409936904907227,False
ReduceRoyaltiesPercentageAfterNetSalesOfLicensedProducts,Revenue,Revenue,0.35683876276016235,True
ConvertibleLoanAgreementsZeroThreeFiveZeroThreeZeroZLZxWdtZeroxZMr,Other,Cost,0.3232235312461853,False
FairValueLevel1ToLevel3TransfersAmount,Other,Assets,0.16247648000717163,False
HealthCareBenefitsEligibleEmployeeNumberOfPointsMinimum,Other,Other,0.19550281763076782,True
OwnershipInterestInSubsidiary,Other,Other,0.4787680208683014,True
GasRevenue,Revenue,Revenue,0.8700172901153564,True
EquitySecuritiesandPreferredStockUnrealizedAppreciationDepreciation,Expenses,Equity,0.6307358145713806,False
NonFarmNonResidential,Other,Other,0.8725758194923401,True
ScheduleOfIncomeBeforeIncomeTaxDomesticAndForeignZeroThreeFiveFourFourZeroTwoHgrWsSevengQpPSeven,Income,Income,0.6673728823661804,True
DisposalGroupIncludingDiscontinuedOperationDueToRelatedParty,Other,Other,0.707850456237793,True
PercentageOfOccupancyUnderConditionTwo,Other,Assets,0.16918233036994934,False
IncreaseDecreaseInAccruedExpensesAndOtherCurrentLiabilitiesRelatedParties,Expenses,Liabilities,0.4400429427623749,False
ReturnOnAverageAssets,Assets,Assets,0.9242410063743591,True
FiberMiles,Other,Assets,0.22382637858390808,False
Franchisefeesexpectedcumulativecatchupadjustment,Other,Expenses,0.32706907391548157,False
InvestmentsDistributions,Assets,Assets,0.5257390737533569,True
PaymentsOfDividends,Equity,Income,0.3938688635826111,False
TroubledDebtFinancingReceivableModificationPerformingAccordingToModifiedTerms,Assets,Cost,0.2715703845024109,False
IncreaseDecreaseInAccountsReceivableCurrentAndNoncurrent,Assets,Other,0.39607977867126465,False
DisposalGroupIncludingDiscontinuedOperationGovernmentSubsidiesCurrent,Other,Other,0.34465405344963074,True
DerivativeFairValueOfDerivativeAssetNotOffsetAgainstDerivativeAssets,Assets,Assets,0.811221718788147,True
BankServiceCharges,Other,Cost,0.6360684037208557,False
InterestbearingTimeDeposits250000orMore,Other,Cost,0.37764111161231995,False
CashCollateralfromDerivativeCounterparty,Assets,Cost,0.3022628724575043,False
GuaranteeObligationsMaximumExposureCollateralized,Liabilities,Liabilities,0.4920218884944916,True
GainLossOnDispositionOfBusinessAndInvestment,Assets,Liabilities,0.26594120264053345,False
ForeclosedRealEstateExpenseIncome,Expenses,Expenses,0.32006779313087463,True
PercentageOfAssetsLiabilitiesRevenuesExpensesAndCashFlowsConsolidatedAndDiscussed,Revenue,Liabilities,0.43131929636001587,False
CovenantsLimitAmountOfSecuredIndebtednessThatWeMayIncurAndLimitAmountOfAttributableDebtInSaleLeasebackTransactionsToPercentageOfNetTangibleAssets,Assets,Assets,0.5871075987815857,True
PerformingAndNonperformingLoans,Other,Liabilities,0.41683071851730347,False
ResidentialMortgageLoansServicedForThirdParties,Other,Cost,0.2510140538215637,False
NetIncomeLossIncludingPortionAttributableToNoncontrollingInterestBeforeAllocationToTemporaryEquities,Income,Equity,0.3493887782096863,False
IntangibleLiabilitiesNonCurrentNetExcludingGoodwill,Assets,Liabilities,0.883645236492157,False
ProceedsFromRepaymentsOfIntercompanyShortTermBorrowings,Cash Flow,Revenue,0.2592262923717499,False
ScheduleOfAllowanceForDoubtfulAccountsZeroThreeFiveFourFourZeroNMPzzSevenxFournDBX,Other,Other,0.17904746532440186,True
OtherPayablesToAffiliatedCompanies,Liabilities,Other,0.7848060727119446,False
OptionsOutstandingContractualLifeInYears,Other,Other,0.2789136469364166,True
CommissionsAndAmortizationOfDeferredPolicyAcquisitionCosts,Expenses,Cost,0.6071556806564331,False
DebtInstrumentInterestRateEffectivePercentage7,Liabilities,Cost,0.5193082094192505,False
NoncashorPartNoncashAcquisitionFederalHomeLoanBankStock,Assets,Other,0.5761821269989014,False
ManagementFeesPayable,Liabilities,Cost,0.3182016909122467,False
AccretionOfOtherComprehensiveIncomeLossTransfersFromAvailableForSaleSecuritiesToHeldToMaturityTax,Revenue,Other,0.7457495331764221,False
NumberOfParcelsOfLandHeldForSale,Other,Assets,0.460467666387558,False
NonimpairedPurchasedLoansCarryingValueCovered,Other,Liabilities,0.30901291966438293,False
RevenuefromBeginningDeferredRevenue,Revenue,Revenue,0.8416783809661865,True
LoansAndLeasesReceivableNetOfDeferredIncomeExcludingAcquiredLoans,Assets,Liabilities,0.4423677623271942,False
DecreaseInFairValueOfContingentConsiderationFromProbabilityAdjustedRevenue,Revenue,Revenue,0.8251135349273682,True
PaymentsForExpensesRelatedToSaleOfBuildings,Expenses,Expenses,0.5119354128837585,True
ScheduleOfSegmentReportingInformationBySegmentFromContinuingOperationsZeroThreeFiveThreeFourZeroxdgsTwokDSevenynJq,Other,Other,0.17539934813976288,True
WholesaleRevenue,Revenue,Revenue,0.7866591811180115,True
RecoveryOfLoanLosses,Other,Liabilities,0.5599549412727356,False
ProceedsfromPaymentforSettlementofDerivatives,Cash Flow,Revenue,0.4330821931362152,False
NetSettlementOfRestrictedCommonStock,Equity,Assets,0.21246638894081116,False
MutualFundsEquity,Equity,Equity,0.7435012459754944,True
AgingAccountsReceivable4To6MonthsPastDue,Assets,Revenue,0.4040500819683075,False
ScheduleOfDisclosureOfSharebasedCompensationArrangementsBySharebasedPaymentAwardZeroThreeFiveThreeThreeZerobpBKNGlwKrCb,Cash Flow,Income,0.16119572520256042,False
AvailableForSaleSecuritiesGrossUnrealizedLossesPercentage,Revenue,Liabilities,0.2813369333744049,False
NetProceedsFromFactor,Cash Flow,Revenue,0.2982882559299469,False
LongTermDebtMaturitiesRepaymentsOfPrincipalInYearThree,Liabilities,Cost,0.4431460201740265,False
PaymentsToInvestInDecommissioningFund,Cash Flow,Cost,0.2648950517177582,False
LongTermDebtWeightedAverageMaturityInYears,Liabilities,Cost,0.5168032050132751,False
PotentialAntidilutiveSecuritiesExcludedfromFutureComputationsofEarningsAmount,Assets,Income,0.27827969193458557,False
PaymentsForInterestBearingDepositsInOtherBanks,Cash Flow,Other,0.757209837436676,False
CompanyIssuedSharesOfItRestrictedCommonStockAtAFairValue,Equity,Assets,0.24300822615623474,False
SharesOfSanLotusHoldingIncBviCompanyAcquired,Equity,Equity,0.34115344285964966,True
OnlineGameServicesRevenue,Revenue,Revenue,0.6164333820343018,True
LimitedPartnersCapitalAccountClassHUnits,Equity,Cost,0.2850273847579956,False
OtherInvestmentSecuritiesatCostAmortizedCostBasis,Assets,Other,0.6250799894332886,False
Effectiveincometaxratereconciliationforeignpermanentdifferencesamount,Income,Other,0.374759316444397,False
FairValueOptionLiabilitiesFairValueBalance,Liabilities,Liabilities,0.9215433597564697,True
OtherLongTermAssetsCondensedConsolidating,Assets,Other,0.8252242207527161,False
ConvertibleDebenturesAndDeferredFinancingCostsZeroThreeFiveZeroTwoZerocZeroPXmFiveCkJTwoNg,Expenses,Cost,0.8745701909065247,False
PaymentsforDeferredProjectCosts,Expenses,Cost,0.6670209765434265,False
StockIssuedDuringPeriodSharesNewIssuesEmployeeExchange,Equity,Assets,0.29257065057754517,False
RepaymentsOfPremiumToRedeemBonds,Cash Flow,Cost,0.3133776783943176,False
MarketableSecuritiesGrossUnrealizedLosses2,Assets,Liabilities,0.43229174613952637,False
IncreaseDecreaseInCustomerPayables,Liabilities,Expenses,0.23453956842422485,False
OtherComprehensiveIncomeLossEffectsOfDeferredPolicyAcquisionCostsAndCostsOfCustomerRelationshipsAcquiredNetOfTaxPortionAttributableToParent,Expenses,Other,0.7945369482040405,False
CommonStockTenderedAsConsideration,Equity,Assets,0.3555355370044708,False
OtherComprehensiveIncomeLossAmortizationOfUnrealizedGainLossOnSecuritiesTransferredToHeldToMaturity,Expenses,Other,0.8081867098808289,False
AdditionalPaymentThatCanBeTriggeredDuringInitialFiveYearsFollowingTransactionPaymentSix,Cash Flow,Other,0.6595664620399475,False
PrepaidReinsurancePremiums,Other,Cost,0.4267951250076294,False
TaxCreditsReceivableNoncurrent,Assets,Other,0.61497962474823,False
AssetsContinuingOperations,Assets,Assets,0.9311997890472412,True
IncreaseDecreaseInBillingsExcessOfCostsAndEstimatedEarnings,Expenses,Cost,0.4128696918487549,False
ResearchAndDevelopmentCost,Cost,Cost,0.6360670924186707,True
Initialunamortizeddebtdiscountatissuance,Liabilities,Cost,0.45514094829559326,False
PurchasePriceAndIndemnificationRelatedToPurchaseOfSubsidiary,Cash Flow,Cost,0.5713634490966797,False
CommonStockIssuedToAnnihilyzerPricePerShare,Equity,Cost,0.5088151693344116,False
BusinessCombinationRecognizedIdentifiableAssetsAcquiredAndLiabilitiesAssumedFavorableUnfavorableLease,Assets,Liabilities,0.6695087552070618,False
PropertyPlantAndEquipmentGrossExcludingConstructionInProgress,Assets,Assets,0.30548033118247986,True
ProceedsFromIssuanceOfContingentlyRedeemableEquity,Equity,Equity,0.8838425278663635,True
UnrecognizedCompensationExpenseRelatedToTheOptionsIssuedInDecember2014,Expenses,Expenses,0.4239828288555145,True
CapitalInvestment,Assets,Assets,0.38116827607154846,True
BulkRevenue,Revenue,Revenue,0.8996531963348389,True
PercentageOfLongLivedAssetsByGeographicSegment,Assets,Assets,0.8484504818916321,True
AntidilutiveSecuritiesExcludedFromComputationOfEarningsPerShareDueToLossIncurredAmount,Assets,Liabilities,0.23645469546318054,False
StatutoryAccountingPracticesDividendsPaidWithApprovalOfRegulatoryAgency,Equity,Income,0.18554633855819702,False
PaymentsToAcquireInterestInJointVentureAdditionalInvestment,Assets,Cost,0.3229810893535614,False
AllowanceForLoansRecoveriesOfBadDebtsTDR,Liabilities,Liabilities,0.3245633840560913,True
DeferredTaxAssetsTaxDeferredExpenseReservesAndAccrualsAllowanceForDoubtfulAccountsAndDeferredRevenue,Revenue,Assets,0.5491123199462891,False
IntangibleAssetsWrittenoffRelatedtoSaleofBusinessUnit,Assets,Assets,0.7051253318786621,True
CommonSharesAndWarrantsZeroThreeFourNineSixZerozSNineGTwoFcTtbFiver,Equity,Cost,0.24435023963451385,False
PostretirementLiabilityActivity,Liabilities,Liabilities,0.7864032983779907,True
SharesIssuedForExerciseOfWarrant,Equity,Other,0.20853878557682037,False
ScheduleOfShorttermDebtZeroThreeFiveTwoFiveZeroZeroFKkPFourTEightGJsEight,Liabilities,Cost,0.36821532249450684,False
CashTaxDistributionsWhollyOwnedSubsidiaryToClassBShareholders,Assets,Cost,0.2071315199136734,False
NonCashChangeInExitActivitiesAndRestructuringLiability,Assets,Liabilities,0.7166280746459961,False
DeferredCostsCurrentAndNoncurrentAcquired,Expenses,Cost,0.4576863646507263,False
NewSevenyearPlanofEligibleInvestmentsUnderTDSICAmountofInvestment,Assets,Cost,0.24352161586284637,False
CapitalContributiontoSubsidiary,Equity,Cost,0.5314147472381592,False
TransitionalandSkilledServicesandAssistantandIndependentLivingCampuses,Other,Other,0.4241345226764679,True
PercentageOfResidualMarketBusinessWrittenDirectlyForMandatoryPoolsAndCededBackToMandatoryPools,Other,Revenue,0.21137142181396484,False
RoyaltyAndFranchiseIncome,Other,Income,0.6823363304138184,False
TheCompanyHadInPrepaidRent_PrepaidEquipment,Assets,Assets,0.2613677382469177,True
FairValueofAcquireeEquityAwardsnotEarnedasofMergerDate,Equity,Equity,0.6889274716377258,True
RestructuredLoansModifiedByReductionInInterest,Other,Cost,0.24940156936645508,False
EquityMethodInvestmentSummarizedFinancialInformationRealizedGainLossonInvestmentsandSecuredBorrowings,Assets,Equity,0.9001976251602173,False
GainLossonInvestmentsandDerivatives,Assets,Liabilities,0.32248085737228394,False
MilestonePaymentReceivableUponReceiptOfRegulatoryApprovalOfProduct,Assets,Revenue,0.34733036160469055,False
IncomeTaxReconciliationChangeInDeferredTaxRate,Liabilities,Income,0.8837156295776367,False
IncreaseDecreaseInDistributorRevenue,Revenue,Revenue,0.7246987819671631,True
NonInventoryLoanThresholdLimitForReviewByAuditCommittee,Assets,Other,0.5260341763496399,False
PercentageOfClaimNetSmelterReturn,Other,Revenue,0.21330733597278595,False
AccountsPayableAndAccountsPayableRelatedPartiesCurrent,Liabilities,Other,0.394603967666626,False
PercentageOfVotingInterestControlledByNonChairmanMemberOfTheControllingStockholderEntity,Equity,Other,0.3819531798362732,False
AdjustmentsToAdditionalPaidInCapitalTaxShortfallFromShareBasedCompensation,Equity,Cost,0.3829885721206665,False
ScheduleOfEarningsPerShareBasicAndDilutedZeroThreeFourNineEightZerolOnecSevenpTyZvqPH,Income,Income,0.45908185839653015,True
PercentageOfPlacementFeeBasedOnGrossProceedsRaisedInOffering,Cash Flow,Revenue,0.3810913562774658,False
FairValueOfCommonStockOptionsIssuedAsCompensation,Equity,Cost,0.22792139649391174,False
NumberOfAffiliatedMutualFundsTrustees,Other,Assets,0.32866039872169495,False
ResortandClubManagementRevenue,Revenue,Revenue,0.6702325344085693,True
HeldToMaturitySecuritiesRealizedGain,Assets,Assets,0.24464014172554016,True
CommonStockDividendDeclaredBasedOnDailyAmountPerShare,Equity,Income,0.283779501914978,False
InvestmentOwnedOwnershipPercentage,Assets,Assets,0.4625420570373535,True
PaymentToEmployeeAdvances,Cash Flow,Cost,0.23209208250045776,False
ProvisionForDoubtfulAccountsAndInventoryAdjustments,Assets,Other,0.22109469771385193,False
TreasuryStockSharesAcquiredNetOfTaxWithholdings,Equity,Assets,0.41395872831344604,False
IncomeLossFromEquityMethodInvestmentsCashFlowEffect,Assets,Equity,0.37931111454963684,False
ChangeInAccruedRelatedPartyInterest,Other,Other,0.5541063547134399,True
Numberofownedandoperatedrenewableenergybusinesses,Other,Assets,0.35502490401268005,False
SoftwareAcquisitionExpense,Expenses,Expenses,0.6455807089805603,True
DivestmentExpenses,Expenses,Expenses,0.5519676804542542,True
FinancialServicesIncomeLossFromEquityMethodInvestments,Assets,Equity,0.47570285201072693,False
WirelessCommunicationsProductsRevenue,Revenue,Revenue,0.6848430633544922,True
IncentiveRevenue,Revenue,Revenue,0.8428515195846558,True
UnrecognizedTaxExpenseForUsSourceShippingIncome,Expenses,Expenses,0.38172537088394165,True
OtherOrganizationAndOfferingCosts,Expenses,Other,0.5075768232345581,False
SiembraMineraBeneficialOwnershipByVenezuela,Other,Equity,0.47281134128570557,False
StockRepurchasedandRetiredDuringPeriodAccrued,Equity,Assets,0.3194492757320404,False
UnrecognizedTaxBenefitsreversingwithin12monthsthatwouldimpactETR,Other,Other,0.20828483998775482,True
DerivativeAssetFairValueGrossAssetByCounterparty,Assets,Assets,0.7363761067390442,True
StockIssuedDuringPeriodValueStepAcquisitions,Equity,Cost,0.2998937666416168,False
StockIssuedDuringPeriodValueMergers,Equity,Cost,0.25170567631721497,False
PerformanceUnitsAdjustmentForPerformanceMultiplierRangeMaximum,Other,Assets,0.3078238070011139,False
OtherComprehensiveIncomeLossTaxExpenses,Expenses,Other,0.5545125007629395,False
ConversionOfNotesPayable,Liabilities,Cost,0.23683179914951324,False
TumbleweedOwesTheJointVentureCompanyRepresentingIts40ShareOfCostsInExcessOfTheFirst,Expenses,Cost,0.4254961609840393,False
PercentageOfLoansToLoans,Other,Liabilities,0.3444325923919678,False
RealEstateHeldForSaleImprovements,Other,Assets,0.3222889006137848,False
PaymentForLoanAndLeaseOriginationsAndPrincipalCollections,Cash Flow,Expenses,0.22336271405220032,False
AllocatedToAdditionalPaidInCapitalForTheIntrinsicValueOfTheBeneficialConversionFeature,Equity,Cost,0.29579561948776245,False
NumberOfReportingUnitsImpactOnNetRevenueAndProfitability,Revenue,Revenue,0.4502032995223999,True
DebtRefinancingNewMortgageLoans3,Liabilities,Liabilities,0.5242723226547241,True
FavorableCharterPartyContractsAmortizationinThreeYears,Expenses,Cost,0.2931702435016632,False
ClientCollectedCashAndCashEquivalentsAtCarryingValue,Assets,Equity,0.2830454111099243,False
FinancingReceivableCreditQualityRelationshipThresholdforReview,Assets,Revenue,0.20309153199195862,False
OtherComprehensiveIncomeLossFinancialLiabilitiesAdjustmentExcludingOpeningImpactNetofTax,Liabilities,Other,0.7951350808143616,False
NumberofROICAwardsExcludedfromDilutedSharesOutstanding,Equity,Revenue,0.30069252848625183,False
IndemnificationLiabilityDeductibleAmount,Liabilities,Liabilities,0.8606514930725098,True
DerivativeSwapsTerminatedNotSettled,Other,Other,0.4577345550060272,True
ScheduleOfDisclosureOfSharebasedCompensationArrangementsBySharebasedPaymentAwardZeroThreeFourEightEightThreeNineEightNinevzdhvwDVSNKf,Cash Flow,Income,0.19790403544902802,False
Cashcashequivalentsandrestrictedcashperiodincreasedecrease,Assets,Cash Flow,0.2594142556190491,False
ConvertibleNote4TypenexBalanceAtJune302016,Other,Cost,0.22673587501049042,False
AllocatedShareBasedCompensationExpenseCredit,Expenses,Expenses,0.590982973575592,True
RestrictedStockWithholdings,Equity,Assets,0.33072784543037415,False
StockRepurchasedAndRetiredAtEndOfPeriodValue,Equity,Cost,0.34777262806892395,False
ComputerAmpEquipmentCostAtMarch312017,Assets,Cost,0.7587457895278931,False
CoveredLoansNonaccrual,Other,Liabilities,0.33348801732063293,False
IssuanceOfSeriesPreferredStockAsPaymentOfOfferingCosts,Expenses,Cost,0.7466370463371277,False
InvestmentInJointVenturesDeficit,Assets,Cost,0.49227145314216614,False
FairValueMeasurementWithUnobservableInputsReconciliationRecurringBasisAssetValue,Assets,Assets,0.9345113635063171,True
AggregateWarrantReceived,Other,Revenue,0.2881539762020111,False
GainOnSaleOfSubsidiaryToJointVenture,Cash Flow,Income,0.3229129910469055,False
RetirementPlanAnnuitiesIncome,Other,Income,0.7021692991256714,False
ProceedFromPaymentsToJointInterestPartners,Cash Flow,Cost,0.1588553488254547,False
AvailableforsaleSecuritiesExpectedDebtMaturitiesNextRollingTwelveMonthsAmortizedCostBasis,Revenue,Cost,0.6557785272598267,False
AccretionOfDirectFinancingLease,Other,Cost,0.21446309983730316,False
DiscontinuedOperationTaxEffectOfIncomeLossFromDiscontinuedOperationDuringPhaseOutPeriod,Other,Income,0.7818306684494019,False
DebtRetirementExpense,Expenses,Expenses,0.5519481301307678,True
TotalIntangibleAssetsAmortizationExpense,Expenses,Expenses,0.5049105286598206,True
ScheduleOfSegmentReportingInformationRevenuesBySegmentZeroThreeFiveZeroNineFourZeroZeroSevenHfPTwodyLHwbGV,Revenue,Revenue,0.8467945456504822,True
RangeOfExercisePrices001039OptionsOutstanding,Other,Cost,0.42922142148017883,False
AccumulatedOtherComprehensiveIncomeLossAvailableForSaleSecuritiesAdjustmentNetOfTaxPortionAttributableNoncontrollingInterest,Revenue,Other,0.8853445053100586,False
Goodwillreallocation,Assets,Revenue,0.32483386993408203,False
ConvertibleDebenture,Other,Cost,0.6005347371101379,False
LoanPayableForAcquisitionOfEquipment,Assets,Cost,0.41323697566986084,False
AccruedInterestExpensesCurrent,Expenses,Expenses,0.651247501373291,True
SelfInsurancePlanIndividualClaimMinimumAmount,Other,Cost,0.2839817702770233,False
LiabilityforClaimsandClaimsAdjustmentExpenseLife,Expenses,Liabilities,0.49415987730026245,False
DueToJointVenturePartners,Other,Income,0.18684643507003784,False
PercentageOfInventoryPurchasesFromTopTwoSuppliers,Assets,Assets,0.41281792521476746,True
AccruedInterestReceivablesFairValueDisclosures,Assets,Liabilities,0.31725671887397766,False
CommitmentsAndContingenciesZeroThreeFiveTwoFiveZeroTDQhrFSThreeMNkb,Other,Cost,0.2263781726360321,False
SharesOutstandings,Equity,Assets,0.46710819005966187,False
ShareBasedCompensationArrangementByShareBasedPaymentAwardOptionsAndStockAppreciationRightOutstandingWeightedAverageExercisePrice,Equity,Cost,0.45701268315315247,False
NonServicePensionCosts,Expenses,Cost,0.45994606614112854,False
NumberOfSeparatePropertyOrFundCoInvestments,Assets,Assets,0.4126029908657074,True
InterestandOtherIncomeIncludingDiscontinuedOperations,Other,Other,0.471494197845459,True
NumberOfSeparateParagraphFourNotices,Other,Other,0.31275448203086853,True
TotalOtherOperatingActivities,Other,Other,0.8713420629501343,True
SettlementsAndDefenseFees,Other,Cost,0.3396291434764862,False
ReinsuranceRecoverablesOnUnpaidLosses,Other,Liabilities,0.3795037865638733,False
PublicUtilitiesPropertyPlantAndEquipmentOtherPropertyAtCostLessAccumulatedDepreciation,Expenses,Other,0.5959885120391846,False
RoyaltyPerTonYear2,Other,Revenue,0.22887133061885834,False
Fairvalueofcommonstockissuedforfutureservices,Equity,Cost,0.22734306752681732,False
ScheduleOfChangesInConstructionInProgressByProjectZeroThreeFiveOneNineZeroSevenXsSevenNDpcCZeroSZero,Other,Other,0.1860707402229309,True
NumberOfLimitedPartnershipUnitsIssuedToNonControlling,Other,Other,0.5335513949394226,True
PoliciesReinsuredbyForeignCompanyNotEngagedinInsurance,Other,Other,0.7489892244338989,True
IncreaseDecreaseInDistributionsPayable,Liabilities,Cost,0.1987602412700653,False
AggregateGuaranteedMinimumDeathBenefitValueOnVariableAnnuityPoliciesInForce,Other,Cost,0.22209686040878296,False
SaleOfCommonStockAndWarrantsPricePerShares,Equity,Cost,0.45291706919670105,False
NetIncomeLossAttributableToCommonStockholdersAndNoncontrollingInterestBasic,Equity,Income,0.4275723099708557,False
IssuanceOfCommonStockSharesInConvertibleNotesPayableAndRelatedAccruedInterest,Liabilities,Equity,0.2783263623714447,False
DeferredInterestNumberOfQuarterlyPayments,Liabilities,Cost,0.2760312259197235,False
ImpairedFinancingReceivableWithNoRelatedAllowanceInterestIncomeRecognized,Assets,Other,0.4227598309516907,False
VectrensemissionrateasmeasuredinlbsCO2MWhpriortoinstallationofnewtechnology,Other,Assets,0.2782737612724304,False
PaymentsForAffordableHousingPrograms,Cash Flow,Cost,0.3500092625617981,False
AvailableForSaleSecuritiesDebtMaturitiesRollingYearTwoThroughThreeFairValue,Revenue,Cost,0.31785884499549866,False
RevenuesRecordedInExcessOfFunding,Revenue,Revenue,0.8766114115715027,True
StockIssuedDuringPeriodSharesStockOptionsExercisedGross,Equity,Cost,0.3977539837360382,False
PropertySalesDeposits,Revenue,Revenue,0.3560924828052521,True
PercentageOfGasRevenueGeneratedInGivenPeriod,Revenue,Revenue,0.7324842810630798,True
PaymentsForProceedsFromOtherInterestEarningAssets,Assets,Assets,0.5199292898178101,True
PaymentsToAcquireInterestInSubsidiariesAndAffiliatesNetOfCashAcquired,Assets,Cost,0.3285473585128784,False
BankCovenantMinimumNetWorthRequirementPostAmendment,Other,Cost,0.2717044949531555,False
EquityMethodInvestmentsSeriesOfIndividuallyImmaterialInvestments,Assets,Equity,0.7679681777954102,False
SharesRemainAvailableForPurchase,Equity,Assets,0.3123389184474945,False
FindersFeePaidOnConvertiblePromissoryNote,Other,Cost,0.385684072971344,False
ResearchAndClinicalTrialExpenses,Expenses,Expenses,0.7395791411399841,True
ShareBasedCompensationShareWarrantsIssuedAsPartOfSettlementWeightedAverageExercisePrice,Other,Cost,0.5170779824256897,False
SummaryOfInvestmentsOtherThanInvestmentsInRelatedPartiesCost,Assets,Cost,0.49540889263153076,False
NonaccrualTroubleDebtRestructuringCurrent,Liabilities,Liabilities,0.46356943249702454,True
PaymentstoAcquireOilandGasPropertyandEquipmentandtoExploreandDevelopOilandGasProperties,Assets,Assets,0.29033082723617554,True
OtherUtilityIncome,Other,Other,0.4593108594417572,True
AccruedSampleProcessingFees,Other,Expenses,0.3381290137767792,False
Percentageofperformancesharepayoutmeasuredbyreturnoninvestedcapital,Equity,Assets,0.23025494813919067,False
PrepaidHealthInsuranceNoncurrent,Other,Other,0.5509693622589111,True
ReconciliationOfOperatingProfitLossFromSegmentsToConsolidatedNonCashAdjustments,Assets,Income,0.2364877611398697,False
HolidayPayAllowancenetSalary,Other,Cost,0.28172338008880615,False
ScheduleOfPledgedDepositsZeroThreeFiveThreeEightZeroQsSixLBZgGTwoKGZero,Other,Cost,0.2029256671667099,False
AccruedRevenuePayableCurrent,Revenue,Revenue,0.6527963280677795,True
